library,term,pvalue,odds_ratio,combined_score,overlap_genes,adj_pvalue
Reactome_2022,Metallothioneins Bind Metals R-HSA-5661231,4.36052960493847e-05,58.1865234375,584.2120100940831,MT2A;MT1X;MT1E,0.019447962038025575
GO_Biological_Process_2023,DNA Strand Resection Involved In Replication Fork Processing (GO:0110025),0.0006277332252970674,76.99612403100775,567.7228576803623,BRCA1;SAMHD1,0.07055721452339038
GO_Biological_Process_2023,Negative Regulation Of p38MAPK Cascade (GO:1903753),0.0006277332252970674,76.99612403100775,567.7228576803623,DUSP10;DUSP1,0.07055721452339038
Reactome_2022,Response To Metal Ions R-HSA-5660526,9.482129891776345e-05,42.31107954545455,391.94938357871354,MT2A;MT1X;MT1E,0.02114514965866125
GO_Biological_Process_2023,Cellular Response To Zinc Ion (GO:0071294),0.00011795960560694895,38.783203125,350.8006001562594,MT2A;MT1X;MT1E,0.046959954557665155
GO_Biological_Process_2023,Skin Morphogenesis (GO:0043589),0.0011617395476570577,51.325581395348834,346.8499020731412,COL1A1;ERRFI1,0.09327108939760949
GO_Biological_Process_2023,Positive Regulation Of Megakaryocyte Differentiation (GO:0045654),0.0011617395476570577,51.325581395348834,346.8499020731412,HMGB2;RAB7B,0.09327108939760949
GO_Biological_Process_2023,Amine Metabolic Process (GO:0009308),0.0014872633947807551,43.991140642303435,286.41828814216444,VCAM1;MAOA,0.09457514817331497
GO_Biological_Process_2023,Establishment Of Endothelial Intestinal Barrier (GO:0090557),0.001851114999833567,38.49031007751938,242.17976540137838,RAP2B;TJP2,0.09457514817331497
GO_Biological_Process_2023,Positive Regulation Of Transcription From RNA Polymerase II Promoter In Response To Endoplasmic Reticulum Stress (GO:1990440),0.001851114999833567,38.49031007751938,242.17976540137838,CREB3L1;DDIT3,0.09457514817331497
GO_Biological_Process_2023,Cellular Response To Copper Ion (GO:0071280),0.00028855049794020246,27.36948529411765,223.07883396526142,MT2A;MT1X;MT1E,0.06486615193695752
GO_Biological_Process_2023,Negative Regulation Of Myotube Differentiation (GO:0010832),0.002252786052583026,34.21188630490956,208.54154935693353,TMEM119;CCN3,0.09798075577844748
GO_Biological_Process_2023,Negative Regulation Of Leukocyte Chemotaxis (GO:0002689),0.002252786052583026,34.21188630490956,208.54154935693353,DUSP1;CCN3,0.09798075577844748
GO_Biological_Process_2023,Negative Regulation Of Mononuclear Cell Migration (GO:0071676),0.0026917731636562324,30.789147286821706,182.19647659489397,DUSP1;CCN3,0.10432941503274501
GO_Biological_Process_2023,Regulation Of p38MAPK Cascade (GO:1900744),9.818488390514994e-05,18.931997136721545,174.71693224959003,PER1;DUSP10;GADD45B;DUSP1,0.046959954557665155
GO_Biological_Process_2023,Response To Copper Ion (GO:0046688),0.000502589798260098,22.151785714285715,168.25912133115668,MT2A;MT1X;MT1E,0.07055721452339038
GO_Biological_Process_2023,Response To Zinc Ion (GO:0010043),0.0005683998978960152,21.143821022727273,158.00112141719868,MT2A;MT1X;MT1E,0.07055721452339038
KEGG_2021_Human,Mineral absorption,4.568685165805358e-05,14.295815295815295,142.8680894840463,MT2A;MT1X;STEAP1;STEAP2;MT1E,0.007675391078553001
GO_Biological_Process_2023,Establishment Of Endothelial Barrier (GO:0061028),0.0007980728929994466,18.60375,132.70632744822578,RAP2B;MYADM;TJP2,0.07789184014812109
GO_Biological_Process_2023,Positive Regulation Of Osteoblast Proliferation (GO:0033690),0.032326773605739184,38.20192307692308,131.10363216765762,TMEM119,0.22363226228090882
GO_Biological_Process_2023,Morphogenesis Of An Endothelium (GO:0003159),0.032326773605739184,38.20192307692308,131.10363216765762,RHOB,0.22363226228090882
GO_Biological_Process_2023,Inner Ear Auditory Receptor Cell Differentiation (GO:0042491),0.032326773605739184,38.20192307692308,131.10363216765762,SLC4A7,0.22363226228090882
GO_Biological_Process_2023,Lipid Droplet Disassembly (GO:1905691),0.032326773605739184,38.20192307692308,131.10363216765762,PNPLA2,0.22363226228090882
GO_Biological_Process_2023,Kidney Morphogenesis (GO:0060993),0.032326773605739184,38.20192307692308,131.10363216765762,SOX4,0.22363226228090882
GO_Biological_Process_2023,Negative Regulation Of Cytokinesis (GO:0032466),0.032326773605739184,38.20192307692308,131.10363216765762,E2F7,0.22363226228090882
GO_Biological_Process_2023,Purine Deoxyribonucleotide Catabolic Process (GO:0009155),0.032326773605739184,38.20192307692308,131.10363216765762,SAMHD1,0.22363226228090882
GO_Biological_Process_2023,Positive Regulation Of Hemoglobin Biosynthetic Process (GO:0046985),0.032326773605739184,38.20192307692308,131.10363216765762,SLC6A9,0.22363226228090882
GO_Biological_Process_2023,Response To Lithium Ion (GO:0010226),0.032326773605739184,38.20192307692308,131.10363216765762,IMPA2,0.22363226228090882
GO_Biological_Process_2023,Protein Localization To Membrane Raft (GO:1903044),0.032326773605739184,38.20192307692308,131.10363216765762,MYADM,0.22363226228090882
GO_Biological_Process_2023,Hepatocyte Differentiation (GO:0070365),0.032326773605739184,38.20192307692308,131.10363216765762,E2F7,0.22363226228090882
GO_Biological_Process_2023,Positive Regulation Of Epithelial Cell Differentiation Involved In Kidney Development (GO:2000698),0.032326773605739184,38.20192307692308,131.10363216765762,LIF,0.22363226228090882
GO_Biological_Process_2023,Phagosome Acidification (GO:0090383),0.032326773605739184,38.20192307692308,131.10363216765762,SLC4A7,0.22363226228090882
GO_Biological_Process_2023,Positive Regulation Of Monoatomic Ion Transmembrane Transport (GO:0034767),0.032326773605739184,38.20192307692308,131.10363216765762,TRPC6,0.22363226228090882
GO_Biological_Process_2023,Type B Pancreatic Cell Proliferation (GO:0044342),0.032326773605739184,38.20192307692308,131.10363216765762,CCN3,0.22363226228090882
GO_Biological_Process_2023,"Regulation Of Circadian Sleep/Wake Cycle, Sleep (GO:0045187)",0.032326773605739184,38.20192307692308,131.10363216765762,PER3,0.22363226228090882
GO_Biological_Process_2023,PERK-mediated Unfolded Protein Response (GO:0036499),0.032326773605739184,38.20192307692308,131.10363216765762,DDIT3,0.22363226228090882
GO_Biological_Process_2023,Negative Regulation Of Lipoprotein Lipase Activity (GO:0051005),0.032326773605739184,38.20192307692308,131.10363216765762,SORT1,0.22363226228090882
GO_Biological_Process_2023,Negative Regulation Of Meiotic Cell Cycle (GO:0051447),0.032326773605739184,38.20192307692308,131.10363216765762,DUSP1,0.22363226228090882
GO_Biological_Process_2023,Negative Regulation Of Sequestering Of Triglyceride (GO:0010891),0.032326773605739184,38.20192307692308,131.10363216765762,PNPLA2,0.22363226228090882
GO_Biological_Process_2023,Regulation Of Long-Chain Fatty Acid Import Across Plasma Membrane (GO:0010746),0.032326773605739184,38.20192307692308,131.10363216765762,IRS2,0.22363226228090882
GO_Biological_Process_2023,Regulation Of Circadian Sleep/Wake Cycle (GO:0042749),0.032326773605739184,38.20192307692308,131.10363216765762,PER3,0.22363226228090882
GO_Biological_Process_2023,Regulation Of Mitotic Spindle Checkpoint (GO:1903504),0.032326773605739184,38.20192307692308,131.10363216765762,DUSP1,0.22363226228090882
GO_Biological_Process_2023,Negative Regulation Of Monocyte Chemotaxis (GO:0090027),0.032326773605739184,38.20192307692308,131.10363216765762,DUSP1,0.22363226228090882
GO_Biological_Process_2023,Pericardium Morphogenesis (GO:0003344),0.032326773605739184,38.20192307692308,131.10363216765762,FLRT3,0.22363226228090882
Reactome_2022,RUNX3 Regulates BCL2L11 (BIM) Transcription R-HSA-8952158,0.032326773605739184,38.20192307692308,131.10363216765762,FOXO3,0.3418421072559001
GO_Biological_Process_2023,Negative Regulation Of Glucocorticoid Receptor Signaling Pathway (GO:2000323),0.032326773605739184,38.20192307692308,131.10363216765762,PER1,0.22363226228090882
Reactome_2022,IRS Activation R-HSA-74713,0.032326773605739184,38.20192307692308,131.10363216765762,IRS2,0.3418421072559001
Reactome_2022,Response Of EIF2AK1 (HRI) To Heme Deficiency R-HSA-9648895,0.0042276699293122095,23.680381633870006,129.43943544423092,DDIT3;ASNS,0.17141279895211323
GO_Biological_Process_2023,Positive Regulation Of Glucose Metabolic Process (GO:0010907),0.0042276699293122095,23.680381633870006,129.43943544423092,NNMT;IRS2,0.14849690626709136
Reactome_2022,FOXO-mediated Transcription Of Cell Death Genes R-HSA-9614657,0.004810984392675328,21.98781838316722,117.34576682279196,DDIT3;FOXO3,0.17880825326109967
GO_Biological_Process_2023,Positive Regulation Of Peptidyl-Lysine Acetylation (GO:2000758),0.005429170370171551,20.52093023255814,107.03653477551352,BRCA1;SOX4,0.15647147425827754
GO_Biological_Process_2023,NAD Biosynthetic Process (GO:0009435),0.005429170370171551,20.52093023255814,107.03653477551352,NNMT;QPRT,0.15647147425827754
GO_Biological_Process_2023,Negative Regulation Of Striated Muscle Cell Differentiation (GO:0051154),0.005429170370171551,20.52093023255814,107.03653477551352,TMEM119;CCN3,0.15647147425827754
GO_Biological_Process_2023,Positive Regulation Of Regulatory T Cell Differentiation (GO:0045591),0.005429170370171551,20.52093023255814,107.03653477551352,DUSP10;FOXO3,0.15647147425827754
GO_Biological_Process_2023,Positive Regulation Of Transcription From RNA Polymerase II Promoter In Response To Stress (GO:0036003),0.005429170370171551,20.52093023255814,107.03653477551352,CREB3L1;DDIT3,0.15647147425827754
GO_Biological_Process_2023,Galactose Metabolic Process (GO:0006012),0.03866659935826289,30.56,99.4049298240761,GALM,0.22363226228090882
GO_Biological_Process_2023,Ureter Development (GO:0072189),0.03866659935826289,30.56,99.4049298240761,TBX18,0.22363226228090882
GO_Biological_Process_2023,Smooth Muscle Cell Migration (GO:0014909),0.03866659935826289,30.56,99.4049298240761,CCN3,0.22363226228090882
GO_Biological_Process_2023,Inositol Metabolic Process (GO:0006020),0.03866659935826289,30.56,99.4049298240761,IMPA2,0.22363226228090882
GO_Biological_Process_2023,Sulfur Amino Acid Catabolic Process (GO:0000098),0.03866659935826289,30.56,99.4049298240761,TST,0.22363226228090882
GO_Biological_Process_2023,Positive Regulation Of Triglyceride Catabolic Process (GO:0010898),0.03866659935826289,30.56,99.4049298240761,PNPLA2,0.22363226228090882
GO_Biological_Process_2023,Gamma-Aminobutyric Acid Transport (GO:0015812),0.03866659935826289,30.56,99.4049298240761,SLC6A6,0.22363226228090882
GO_Biological_Process_2023,Regulation Of Glucocorticoid Receptor Signaling Pathway (GO:2000322),0.03866659935826289,30.56,99.4049298240761,PER1,0.22363226228090882
GO_Biological_Process_2023,Regulation Of Hemoglobin Biosynthetic Process (GO:0046984),0.03866659935826289,30.56,99.4049298240761,SLC6A9,0.22363226228090882
GO_Biological_Process_2023,Lymphoid Progenitor Cell Differentiation (GO:0002320),0.03866659935826289,30.56,99.4049298240761,SOX4,0.22363226228090882
GO_Biological_Process_2023,Regulation Of SA Node Cell Action Potential (GO:0098907),0.03866659935826289,30.56,99.4049298240761,TBX18,0.22363226228090882
GO_Biological_Process_2023,Regulation Of T Cell Tolerance Induction (GO:0002664),0.03866659935826289,30.56,99.4049298240761,TGFBR2,0.22363226228090882
GO_Biological_Process_2023,Regulation Of Blood-Brain Barrier Permeability (GO:1905603),0.03866659935826289,30.56,99.4049298240761,TJP2,0.22363226228090882
GO_Biological_Process_2023,Positive Regulation Of Necrotic Cell Death (GO:0010940),0.03866659935826289,30.56,99.4049298240761,SLC6A6,0.22363226228090882
GO_Biological_Process_2023,Histone H4-K12 Acetylation (GO:0043983),0.03866659935826289,30.56,99.4049298240761,JADE1,0.22363226228090882
Reactome_2022,LDL Remodeling R-HSA-8964041,0.03866659935826289,30.56,99.4049298240761,TRNP1,0.3418421072559001
Reactome_2022,SOS-mediated Signaling R-HSA-112412,0.03866659935826289,30.56,99.4049298240761,IRS2,0.3418421072559001
Reactome_2022,Alpha-oxidation Of Phytanate R-HSA-389599,0.03866659935826289,30.56,99.4049298240761,ALDH3A2,0.3418421072559001
Reactome_2022,SMAD2/3 Phosphorylation Motif Mutants In Cancer R-HSA-3304356,0.03866659935826289,30.56,99.4049298240761,TGFBR2,0.3418421072559001
GO_Biological_Process_2023,Negative Regulation Of Membrane Protein Ectodomain Proteolysis (GO:0051045),0.03866659935826289,30.56,99.4049298240761,TIMP4,0.22363226228090882
GO_Biological_Process_2023,AV Node Cell Action Potential (GO:0086016),0.03866659935826289,30.56,99.4049298240761,CACNB2,0.22363226228090882
GO_Biological_Process_2023,Cardiac Pacemaker Cell Development (GO:0060926),0.03866659935826289,30.56,99.4049298240761,TBX18,0.22363226228090882
GO_Biological_Process_2023,Nucleotide Catabolic Process (GO:0009166),0.03866659935826289,30.56,99.4049298240761,SAMHD1,0.22363226228090882
GO_Biological_Process_2023,Noradrenergic Neuron Differentiation (GO:0003357),0.03866659935826289,30.56,99.4049298240761,SOX4,0.22363226228090882
GO_Biological_Process_2023,Neurotrophin TRK Receptor Signaling Pathway (GO:0048011),0.03866659935826289,30.56,99.4049298240761,SORT1,0.22363226228090882
GO_Biological_Process_2023,ATF6-mediated Unfolded Protein Response (GO:0036500),0.03866659935826289,30.56,99.4049298240761,DDIT3,0.22363226228090882
GO_Biological_Process_2023,Positive Regulation Of Endoplasmic Reticulum Stress-Induced Intrinsic Apoptotic Signaling Pathway (GO:1902237),0.03866659935826289,30.56,99.4049298240761,DDIT3,0.22363226228090882
GO_Biological_Process_2023,Elastic Fiber Assembly (GO:0048251),0.03866659935826289,30.56,99.4049298240761,MFAP4,0.22363226228090882
GO_Biological_Process_2023,Development Of Primary Female Sexual Characteristics (GO:0046545),0.03866659935826289,30.56,99.4049298240761,LHFPL2,0.22363226228090882
GO_Biological_Process_2023,Copper Ion Import (GO:0015677),0.03866659935826289,30.56,99.4049298240761,STEAP2,0.22363226228090882
GO_Biological_Process_2023,Polyamine Biosynthetic Process (GO:0006596),0.03866659935826289,30.56,99.4049298240761,SAT1,0.22363226228090882
GO_Biological_Process_2023,Regulation Of Skeletal Muscle Satellite Cell Proliferation (GO:0014842),0.03866659935826289,30.56,99.4049298240761,CFLAR,0.22363226228090882
GO_Biological_Process_2023,Cellular Hyperosmotic Response (GO:0071474),0.03866659935826289,30.56,99.4049298240761,ARHGEF2,0.22363226228090882
GO_Biological_Process_2023,Melanosome Assembly (GO:1903232),0.006081753147875876,19.237403100775193,98.15812364603615,HPS5;AP1M1,0.1597363088161087
Reactome_2022,Na+/Cl- Dependent Neurotransmitter Transporters R-HSA-442660,0.006768262653070667,18.10487916096671,90.4431202748417,SLC6A6;SLC6A9,0.22265014008199388
GO_Biological_Process_2023,Atrioventricular Valve Morphogenesis (GO:0003181),0.006768262653070667,18.10487916096671,90.4431202748417,SOX4;TGFBR2,0.16517199927971962
GO_Biological_Process_2023,Regulation Of Megakaryocyte Differentiation (GO:0045652),0.006768262653070667,18.10487916096671,90.4431202748417,HMGB2;RAB7B,0.16517199927971962
GO_Biological_Process_2023,Positive Regulation Of Myeloid Cell Differentiation (GO:0045639),0.0016742354006740864,14.088068181818182,90.05654866238584,HMGB2;FOXO3;RAB7B,0.09457514817331497
GO_Biological_Process_2023,RNA Stabilization (GO:0043489),0.001813299340539853,13.673023897058824,86.312429822796,TENT5A;TENT5B;TENT5C,0.09457514817331497
GO_Biological_Process_2023,Negative Regulation Of Stress-Activated MAPK Cascade (GO:0032873),0.001813299340539853,13.673023897058824,86.312429822796,PER1;DUSP10;DUSP1,0.09457514817331497
Reactome_2022,Signaling By Hippo R-HSA-2028269,0.00748823341082939,17.098191214470283,83.68576954910893,AMOT;TJP2,0.22265014008199388
GO_Biological_Process_2023,Peripheral Nervous System Development (GO:0007422),0.00748823341082939,17.098191214470283,83.68576954910893,ALDH3A2;EGR2,0.16517199927971962
GO_Biological_Process_2023,Regulation Of Necroptotic Process (GO:0060544),0.00748823341082939,17.098191214470283,83.68576954910893,CFLAR;ARHGEF2,0.16517199927971962
GO_Biological_Process_2023,Positive Regulation Of Lipid Catabolic Process (GO:0050996),0.00748823341082939,17.098191214470283,83.68576954910893,IRS2;PNPLA2,0.16517199927971962
GO_Biological_Process_2023,Ameboidal-Type Cell Migration (GO:0001667),0.00748823341082939,17.098191214470283,83.68576954910893,CCN3;AMOT,0.16517199927971962
GO_Biological_Process_2023,UV Protection (GO:0009650),0.044965205761108,25.465384615384615,78.99021819196878,MFAP4,0.22363226228090882
GO_Biological_Process_2023,Regulation Of Epithelial To Mesenchymal Transition Involved In Endocardial Cushion Formation (GO:1905005),0.044965205761108,25.465384615384615,78.99021819196878,TGFBR2,0.22363226228090882
GO_Biological_Process_2023,Negative Regulation Of Keratinocyte Proliferation (GO:0010839),0.044965205761108,25.465384615384615,78.99021819196878,KLF9,0.22363226228090882
GO_Biological_Process_2023,ER Overload Response (GO:0006983),0.044965205761108,25.465384615384615,78.99021819196878,DDIT3,0.22363226228090882
GO_Biological_Process_2023,Hyperosmotic Response (GO:0006972),0.044965205761108,25.465384615384615,78.99021819196878,ARHGEF2,0.22363226228090882
GO_Biological_Process_2023,Histone H2A K63-linked Deubiquitination (GO:0070537),0.044965205761108,25.465384615384615,78.99021819196878,BRCA1,0.22363226228090882
GO_Biological_Process_2023,Tooth Mineralization (GO:0034505),0.044965205761108,25.465384615384615,78.99021819196878,COL1A1,0.22363226228090882
GO_Biological_Process_2023,Positive Regulation Of Gluconeogenesis (GO:0045722),0.044965205761108,25.465384615384615,78.99021819196878,NNMT,0.22363226228090882
GO_Biological_Process_2023,Neuroepithelial Cell Differentiation (GO:0060563),0.044965205761108,25.465384615384615,78.99021819196878,SOX4,0.22363226228090882
GO_Biological_Process_2023,Catecholamine Catabolic Process (GO:0042424),0.044965205761108,25.465384615384615,78.99021819196878,MAOA,0.22363226228090882
GO_Biological_Process_2023,Cell Migration Involved In Heart Development (GO:0060973),0.044965205761108,25.465384615384615,78.99021819196878,FLRT3,0.22363226228090882
GO_Biological_Process_2023,Peptidyl-Tyrosine Dephosphorylation Involved In Inactivation Of Protein Kinase Activity (GO:1990264),0.044965205761108,25.465384615384615,78.99021819196878,DUSP10,0.22363226228090882
GO_Biological_Process_2023,Plasma Membrane To Endosome Transport (GO:0048227),0.044965205761108,25.465384615384615,78.99021819196878,SORT1,0.22363226228090882
GO_Biological_Process_2023,Response To Hydroperoxide (GO:0033194),0.044965205761108,25.465384615384615,78.99021819196878,GPX3,0.22363226228090882
GO_Biological_Process_2023,Positive Regulation Of Cardiac Epithelial To Mesenchymal Transition (GO:0062043),0.044965205761108,25.465384615384615,78.99021819196878,TGFBR2,0.22363226228090882
GO_Biological_Process_2023,Diacylglycerol Biosynthetic Process (GO:0006651),0.044965205761108,25.465384615384615,78.99021819196878,PNPLA2,0.22363226228090882
GO_Biological_Process_2023,Dopamine Catabolic Process (GO:0042420),0.044965205761108,25.465384615384615,78.99021819196878,MAOA,0.22363226228090882
GO_Biological_Process_2023,Sinoatrial Node Development (GO:0003163),0.044965205761108,25.465384615384615,78.99021819196878,TBX18,0.22363226228090882
GO_Biological_Process_2023,Somatic Hypermutation Of Immunoglobulin Genes (GO:0016446),0.044965205761108,25.465384615384615,78.99021819196878,SAMHD1,0.22363226228090882
GO_Biological_Process_2023,Spermidine Metabolic Process (GO:0008216),0.044965205761108,25.465384615384615,78.99021819196878,SAT1,0.22363226228090882
GO_Biological_Process_2023,Negative Regulation Of B Cell Apoptotic Process (GO:0002903),0.044965205761108,25.465384615384615,78.99021819196878,IRS2,0.22363226228090882
Reactome_2022,Acyl Chain Remodeling Of DAG And TAG R-HSA-1482883,0.044965205761108,25.465384615384615,78.99021819196878,PNPLA2,0.3418421072559001
Reactome_2022,Loss Of Function Of TGFBR1 In Cancer R-HSA-3656534,0.044965205761108,25.465384615384615,78.99021819196878,TGFBR2,0.3418421072559001
Reactome_2022,Erythropoietin Activates Phospholipase C Gamma (PLCG) R-HSA-9027277,0.044965205761108,25.465384615384615,78.99021819196878,IRS2,0.3418421072559001
Reactome_2022,Loss Of Function Of SMAD2/3 In Cancer R-HSA-3304349,0.044965205761108,25.465384615384615,78.99021819196878,TGFBR2,0.3418421072559001
Reactome_2022,Signaling By MAPK Mutants R-HSA-9652817,0.044965205761108,25.465384615384615,78.99021819196878,DUSP10,0.3418421072559001
GO_Biological_Process_2023,Mitral Valve Development (GO:0003174),0.044965205761108,25.465384615384615,78.99021819196878,SOX4,0.22363226228090882
GO_Biological_Process_2023,Regulation Of DNA-templated Transcription In Response To Stress (GO:0043620),0.044965205761108,25.465384615384615,78.99021819196878,DDIT3,0.22363226228090882
Reactome_2022,Erythropoietin Activates STAT5 R-HSA-9027283,0.044965205761108,25.465384615384615,78.99021819196878,IRS2,0.3418421072559001
Reactome_2022,Signaling By RNF43 Mutants R-HSA-5340588,0.044965205761108,25.465384615384615,78.99021819196878,FZD8,0.3418421072559001
GO_Biological_Process_2023,Purine Nucleotide Biosynthetic Process (GO:0006164),0.008241204507504112,16.197470420236638,77.72532357227595,SLC4A7;QPRT,0.17196665716985446
GO_Biological_Process_2023,Response To Cadmium Ion (GO:0046686),0.008241204507504112,16.197470420236638,77.72532357227595,MT1X;MT1E,0.17196665716985446
GO_Biological_Process_2023,Positive Regulation Of Ossification (GO:0045778),0.0024408017453705776,12.231291118421053,73.57645974776645,ZBTB16;TMEM119;TENT5A,0.09798075577844748
GO_Biological_Process_2023,Negative Regulation Of mRNA Catabolic Process (GO:1902373),0.0024408017453705776,12.231291118421053,73.57645974776645,TENT5A;TENT5B;TENT5C,0.09798075577844748
GO_Biological_Process_2023,Glucose Transmembrane Transport (GO:1904659),0.009026719548951435,15.386821705426357,72.43448272713856,SLC45A1;SORT1,0.17196665716985446
GO_Biological_Process_2023,Cellular Response To Cadmium Ion (GO:0071276),0.009026719548951435,15.386821705426357,72.43448272713856,MT1X;MT1E,0.17196665716985446
KEGG_2021_Human,Histidine metabolism,0.009026719548951435,15.386821705426357,72.43448272713856,ALDH3A2;MAOA,0.2527481473706402
GO_Biological_Process_2023,Platelet Dense Granule Organization (GO:0060155),0.009026719548951435,15.386821705426357,72.43448272713856,HPS5;AP1M1,0.17196665716985446
GO_Biological_Process_2023,Regulation Of Regulatory T Cell Differentiation (GO:0045589),0.009026719548951435,15.386821705426357,72.43448272713856,DUSP10;FOXO3,0.17196665716985446
GO_Biological_Process_2023,Negative Regulation Of Growth (GO:0045926),0.00016711727600592582,8.034305084745762,69.87286289051634,MT2A;JADE1;MT1X;CCN3;BRCA1;MT1E,0.046959954557665155
GO_Biological_Process_2023,Regulation Of Myotube Differentiation (GO:0010830),0.009844326624428709,14.653377630121817,67.7112060716613,TMEM119;CCN3,0.17563528771202966
GO_Biological_Process_2023,Entrainment Of Circadian Clock By Photoperiod (GO:0043153),0.009844326624428709,14.653377630121817,67.7112060716613,PER1;PER3,0.17563528771202966
GO_Biological_Process_2023,Positive Regulation Of Neuron Apoptotic Process (GO:0043525),0.009844326624428709,14.653377630121817,67.7112060716613,DDIT3;FOXO3,0.17563528771202966
GO_Biological_Process_2023,Negative Regulation Of Extrinsic Apoptotic Signaling Pathway Via Death Domain Receptors (GO:1902042),0.009844326624428709,14.653377630121817,67.7112060716613,BRCA1;CFLAR,0.17563528771202966
Reactome_2022,RHOB GTPase Cycle R-HSA-9013026,0.0010934470324542843,9.596123561477892,65.43040232604295,STOM;ARHGEF2;RHOB;TJP2,0.06966819663923011
GO_Biological_Process_2023,Regulation Of Mitotic Sister Chromatid Segregation (GO:0033047),0.05122285833690137,21.826373626373627,64.85858386485305,DUSP1,0.2257425135455925
Reactome_2022,Axonal Growth Inhibition (RHOA Activation) R-HSA-193634,0.05122285833690137,21.826373626373627,64.85858386485305,OMG,0.3418421072559001
GO_Biological_Process_2023,Inner Ear Receptor Cell Development (GO:0060119),0.05122285833690137,21.826373626373627,64.85858386485305,SLC4A7,0.2257425135455925
GO_Biological_Process_2023,Skeletal Myofibril Assembly (GO:0014866),0.05122285833690137,21.826373626373627,64.85858386485305,CFLAR,0.2257425135455925
GO_Biological_Process_2023,Endosome To Melanosome Transport (GO:0035646),0.05122285833690137,21.826373626373627,64.85858386485305,AP1M1,0.2257425135455925
GO_Biological_Process_2023,Regulation Of Necrotic Cell Death (GO:0010939),0.05122285833690137,21.826373626373627,64.85858386485305,SLC6A6,0.2257425135455925
GO_Biological_Process_2023,Positive Regulation Of Fatty Acid Beta-Oxidation (GO:0032000),0.05122285833690137,21.826373626373627,64.85858386485305,IRS2,0.2257425135455925
GO_Biological_Process_2023,Endochondral Ossification (GO:0001958),0.05122285833690137,21.826373626373627,64.85858386485305,TMEM119,0.2257425135455925
GO_Biological_Process_2023,Endosome To Pigment Granule Transport (GO:0043485),0.05122285833690137,21.826373626373627,64.85858386485305,AP1M1,0.2257425135455925
GO_Biological_Process_2023,Nicotinamide Nucleotide Biosynthetic Process (GO:0019359),0.05122285833690137,21.826373626373627,64.85858386485305,QPRT,0.2257425135455925
GO_Biological_Process_2023,DNA Topological Change (GO:0006265),0.05122285833690137,21.826373626373627,64.85858386485305,HMGB2,0.2257425135455925
Reactome_2022,Signaling By TGF-beta Receptor Complex In Cancer R-HSA-3304351,0.05122285833690137,21.826373626373627,64.85858386485305,TGFBR2,0.3418421072559001
Reactome_2022,Linoleic Acid (LA) Metabolism R-HSA-2046105,0.05122285833690137,21.826373626373627,64.85858386485305,ACSL1,0.3418421072559001
Reactome_2022,TRAIL Signaling R-HSA-75158,0.05122285833690137,21.826373626373627,64.85858386485305,CFLAR,0.3418421072559001
KEGG_2021_Human,Sulfur relay system,0.05122285833690137,21.826373626373627,64.85858386485305,TST,0.33247440838930964
Reactome_2022,"Metabolism Of Ingested SeMet, Sec, MeSec Into H2Se R-HSA-2408508",0.05122285833690137,21.826373626373627,64.85858386485305,NNMT,0.3418421072559001
GO_Biological_Process_2023,Regulation Of Heme Biosynthetic Process (GO:0070453),0.05122285833690137,21.826373626373627,64.85858386485305,SLC6A9,0.2257425135455925
GO_Biological_Process_2023,Regulation Of Fertilization (GO:0080154),0.05122285833690137,21.826373626373627,64.85858386485305,LHFPL2,0.2257425135455925
GO_Biological_Process_2023,Negative Regulation Of Lipase Activity (GO:0060192),0.05122285833690137,21.826373626373627,64.85858386485305,SORT1,0.2257425135455925
Reactome_2022,CREB3 Factors Activate Genes R-HSA-8874211,0.05122285833690137,21.826373626373627,64.85858386485305,CREB3L1,0.3418421072559001
GO_Biological_Process_2023,Regulation Of Nephron Tubule Epithelial Cell Differentiation (GO:0072182),0.05122285833690137,21.826373626373627,64.85858386485305,LIF,0.2257425135455925
GO_Biological_Process_2023,Photoperiodism (GO:0009648),0.010693578266713657,13.98661028893587,63.47280230857581,PER1;PER3,0.1798752836435939
GO_Biological_Process_2023,Regulation Of Endoplasmic Reticulum Stress-Induced Intrinsic Apoptotic Signaling Pathway (GO:1902235),0.010693578266713657,13.98661028893587,63.47280230857581,CREB3L1;DDIT3,0.1798752836435939
GO_Biological_Process_2023,Negative Regulation Of Signaling Receptor Activity (GO:2000272),0.011574031416388306,13.377822716548703,59.651595927977866,ERRFI1;SLC6A9,0.1798752836435939
GO_Biological_Process_2023,Secretory Granule Organization (GO:0033363),0.011574031416388306,13.377822716548703,59.651595927977866,HPS5;AP1M1,0.1798752836435939
GO_Biological_Process_2023,Regulation Of Monocyte Chemotaxis (GO:0090025),0.011574031416388306,13.377822716548703,59.651595927977866,DUSP1;CCN3,0.1798752836435939
GO_Biological_Process_2023,Positive Regulation Of Erythrocyte Differentiation (GO:0045648),0.012485247380843015,12.819767441860465,56.191701327620784,HMGB2;FOXO3,0.18465023757983615
Reactome_2022,Interleukin-4 And Interleukin-13 Signaling R-HSA-6785807,0.0006959171113841252,7.690242763772176,55.91021814184007,VCAM1;CEBPD;MAOA;LIF;FOXO3,0.06207580633546397
GO_Biological_Process_2023,Negative Regulation Of Protein Autophosphorylation (GO:0031953),0.057439821062312685,19.097115384615385,54.560792270090865,ERRFI1,0.2257425135455925
GO_Biological_Process_2023,Endothelial Tube Morphogenesis (GO:0061154),0.057439821062312685,19.097115384615385,54.560792270090865,RHOB,0.2257425135455925
GO_Biological_Process_2023,Homologous Recombination (GO:0035825),0.057439821062312685,19.097115384615385,54.560792270090865,BRCA1,0.2257425135455925
GO_Biological_Process_2023,Biomineral Tissue Development (GO:0031214),0.057439821062312685,19.097115384615385,54.560792270090865,COL1A1,0.2257425135455925
GO_Biological_Process_2023,Neuron Projection Regeneration (GO:0031102),0.057439821062312685,19.097115384615385,54.560792270090865,OMG,0.2257425135455925
GO_Biological_Process_2023,Negative Regulation Of Toll-Like Receptor 4 Signaling Pathway (GO:0034144),0.057439821062312685,19.097115384615385,54.560792270090865,RAB7B,0.2257425135455925
GO_Biological_Process_2023,Positive Regulation Of Mesenchymal Cell Proliferation (GO:0002053),0.057439821062312685,19.097115384615385,54.560792270090865,TGFBR2,0.2257425135455925
GO_Biological_Process_2023,NAD Biosynthesis Via Nicotinamide Riboside Salvage Pathway (GO:0034356),0.057439821062312685,19.097115384615385,54.560792270090865,NNMT,0.2257425135455925
GO_Biological_Process_2023,Regulation Of High Voltage-Gated Calcium Channel Activity (GO:1901841),0.057439821062312685,19.097115384615385,54.560792270090865,CACNB2,0.2257425135455925
GO_Biological_Process_2023,Negative Regulation Of Necroptotic Process (GO:0060546),0.057439821062312685,19.097115384615385,54.560792270090865,ARHGEF2,0.2257425135455925
GO_Biological_Process_2023,Regulation Of Hair Cycle (GO:0042634),0.057439821062312685,19.097115384615385,54.560792270090865,PER1,0.2257425135455925
GO_Biological_Process_2023,Negative Regulation Of Hormone Secretion (GO:0046888),0.057439821062312685,19.097115384615385,54.560792270090865,LIF,0.2257425135455925
GO_Biological_Process_2023,Negative Regulation Of Lymphocyte Apoptotic Process (GO:0070229),0.057439821062312685,19.097115384615385,54.560792270090865,IRS2,0.2257425135455925
GO_Biological_Process_2023,Negative Regulation Of Heterotypic Cell-Cell Adhesion (GO:0034115),0.057439821062312685,19.097115384615385,54.560792270090865,MYADM,0.2257425135455925
GO_Biological_Process_2023,Skeletal Muscle Tissue Regeneration (GO:0043403),0.057439821062312685,19.097115384615385,54.560792270090865,CFLAR,0.2257425135455925
GO_Biological_Process_2023,Negative Regulation Of Bone Resorption (GO:0045779),0.057439821062312685,19.097115384615385,54.560792270090865,TMEM119,0.2257425135455925
GO_Biological_Process_2023,Regulation Of RNA Polymerase II Regulatory Region Sequence-Specific DNA Binding (GO:1903025),0.057439821062312685,19.097115384615385,54.560792270090865,DDIT3,0.2257425135455925
GO_Biological_Process_2023,Myeloid Dendritic Cell Differentiation (GO:0043011),0.057439821062312685,19.097115384615385,54.560792270090865,TGFBR2,0.2257425135455925
GO_Biological_Process_2023,Muscle Cell Migration (GO:0014812),0.057439821062312685,19.097115384615385,54.560792270090865,CCN3,0.2257425135455925
GO_Biological_Process_2023,"Regulation Of CD4-positive, Alpha-Beta T Cell Proliferation (GO:2000561)",0.057439821062312685,19.097115384615385,54.560792270090865,TGFBR2,0.2257425135455925
GO_Biological_Process_2023,Mitral Valve Morphogenesis (GO:0003183),0.057439821062312685,19.097115384615385,54.560792270090865,SOX4,0.2257425135455925
GO_Biological_Process_2023,Protein K6-linked Ubiquitination (GO:0085020),0.057439821062312685,19.097115384615385,54.560792270090865,BRCA1,0.2257425135455925
GO_Biological_Process_2023,Regulation Of Cell-Cell Adhesion Involved In Gastrulation (GO:0070587),0.057439821062312685,19.097115384615385,54.560792270090865,MYADM,0.2257425135455925
Reactome_2022,RHO GTPases Activate Rhotekin And Rhophilins R-HSA-5666185,0.057439821062312685,19.097115384615385,54.560792270090865,RHOB,0.3418421072559001
Reactome_2022,Chylomicron Assembly R-HSA-8963888,0.057439821062312685,19.097115384615385,54.560792270090865,TRNP1,0.3418421072559001
Reactome_2022,Formation Of Annular Gap Junctions R-HSA-196025,0.057439821062312685,19.097115384615385,54.560792270090865,DNM1,0.3418421072559001
Reactome_2022,p75NTR Regulates Axonogenesis R-HSA-193697,0.057439821062312685,19.097115384615385,54.560792270090865,OMG,0.3418421072559001
Reactome_2022,"POU5F1 (OCT4), SOX2, NANOG Repress Genes Related To Differentiation R-HSA-2892245",0.057439821062312685,19.097115384615385,54.560792270090865,TSC22D1,0.3418421072559001
Reactome_2022,ATF6 (ATF6-alpha) Activates Chaperone Genes R-HSA-381183,0.057439821062312685,19.097115384615385,54.560792270090865,DDIT3,0.3418421072559001
Reactome_2022,PI3K/AKT Activation R-HSA-198203,0.057439821062312685,19.097115384615385,54.560792270090865,IRS2,0.3418421072559001
GO_Biological_Process_2023,Lung Epithelium Development (GO:0060428),0.057439821062312685,19.097115384615385,54.560792270090865,ERRFI1,0.2257425135455925
KEGG_2021_Human,Arginine and proline metabolism,0.004299845025739212,9.884640957446809,53.86315121420032,ALDH3A2;MAOA;SAT1,0.24079132144139587
GO_Biological_Process_2023,Amino Acid Import Across Plasma Membrane (GO:0089718),0.01342679179810828,12.306356589147287,53.04658921447195,SLC6A6;SLC6A9,0.18864642476342133
GO_Biological_Process_2023,Ventricular Septum Morphogenesis (GO:0060412),0.01342679179810828,12.306356589147287,53.04658921447195,SOX4;TGFBR2,0.18864642476342133
Reactome_2022,ATF4 Activates Genes In Response To Endoplasmic Reticulum Stress R-HSA-380994,0.01342679179810828,12.306356589147287,53.04658921447195,DDIT3;ASNS,0.29941745709781464
Reactome_2022,Effects Of PIP2 Hydrolysis R-HSA-114508,0.01342679179810828,12.306356589147287,53.04658921447195,TRPC6;RASGRP2,0.29941745709781464
GO_Biological_Process_2023,mRNA Stabilization (GO:0048255),0.0050665604750912314,9.29015625,49.09934068440332,TENT5A;TENT5B;TENT5C,0.15647147425827754
GO_Biological_Process_2023,Positive Regulation Of Calcium Ion Transport (GO:0051928),0.015399149982680011,11.393626184323859,47.550649067773186,CACNB2;TRPC6,0.2060552926253849
GO_Biological_Process_2023,Peptidyl-Tyrosine Dephosphorylation (GO:0035335),0.015399149982680011,11.393626184323859,47.550649067773186,DUSP10;DUSP1,0.2060552926253849
GO_Biological_Process_2023,Integrated Stress Response Signaling (GO:0140467),0.015399149982680011,11.393626184323859,47.550649067773186,CEBPD;DDIT3,0.2060552926253849
Reactome_2022,Acetylcholine Regulates Insulin Secretion R-HSA-399997,0.06361635628304867,16.974358974358974,46.76240127804881,MARCKS,0.3418421072559001
Reactome_2022,Regulation Of FOXO Transcriptional Activity By Acetylation R-HSA-9617629,0.06361635628304867,16.974358974358974,46.76240127804881,FOXO3,0.3418421072559001
Reactome_2022,Neurotransmitter Clearance R-HSA-112311,0.06361635628304867,16.974358974358974,46.76240127804881,MAOA,0.3418421072559001
Reactome_2022,Role Of Second Messengers In Netrin-1 Signaling R-HSA-418890,0.06361635628304867,16.974358974358974,46.76240127804881,TRPC6,0.3418421072559001
Reactome_2022,Signal Attenuation R-HSA-74749,0.06361635628304867,16.974358974358974,46.76240127804881,IRS2,0.3418421072559001
Reactome_2022,Nef Mediated Downregulation Of MHC Class I Complex Cell Surface Expression R-HSA-164940,0.06361635628304867,16.974358974358974,46.76240127804881,AP1M1,0.3418421072559001
KEGG_2021_Human,Sulfur metabolism,0.06361635628304867,16.974358974358974,46.76240127804881,TST,0.33247440838930964
Reactome_2022,AKT Phosphorylates Targets In Nucleus R-HSA-198693,0.06361635628304867,16.974358974358974,46.76240127804881,FOXO3,0.3418421072559001
Reactome_2022,Bicarbonate Transporters R-HSA-425381,0.06361635628304867,16.974358974358974,46.76240127804881,SLC4A7,0.3418421072559001
GO_Biological_Process_2023,Regulation Of B Cell Apoptotic Process (GO:0002902),0.06361635628304867,16.974358974358974,46.76240127804881,IRS2,0.23215839111086592
GO_Biological_Process_2023,Regulation Of Toll-Like Receptor 9 Signaling Pathway (GO:0034163),0.06361635628304867,16.974358974358974,46.76240127804881,RAB7B,0.23215839111086592
Reactome_2022,Gap Junction Degradation R-HSA-190873,0.06361635628304867,16.974358974358974,46.76240127804881,DNM1,0.3418421072559001
GO_Biological_Process_2023,Positive Regulation Of Chondrocyte Differentiation (GO:0032332),0.06361635628304867,16.974358974358974,46.76240127804881,ZBTB16,0.23215839111086592
GO_Biological_Process_2023,Response To Sterol (GO:0036314),0.06361635628304867,16.974358974358974,46.76240127804881,TGFBR2,0.23215839111086592
GO_Biological_Process_2023,Regulation Of Calcium Ion Transmembrane Transport Via High Voltage-Gated Calcium Channel (GO:1902514),0.06361635628304867,16.974358974358974,46.76240127804881,CACNB2,0.23215839111086592
GO_Biological_Process_2023,Positive Regulation Of Macrophage Differentiation (GO:0045651),0.06361635628304867,16.974358974358974,46.76240127804881,LIF,0.23215839111086592
GO_Biological_Process_2023,Negative Regulation Of Sprouting Angiogenesis (GO:1903671),0.06361635628304867,16.974358974358974,46.76240127804881,CREB3L1,0.23215839111086592
GO_Biological_Process_2023,Regulation Of Mitotic Sister Chromatid Separation (GO:0010965),0.06361635628304867,16.974358974358974,46.76240127804881,DUSP1,0.23215839111086592
GO_Biological_Process_2023,Negative Regulation Of Transmembrane Transport (GO:0034763),0.06361635628304867,16.974358974358974,46.76240127804881,IRS2,0.23215839111086592
GO_Biological_Process_2023,Regulation Of Triglyceride Catabolic Process (GO:0010896),0.06361635628304867,16.974358974358974,46.76240127804881,PNPLA2,0.23215839111086592
GO_Biological_Process_2023,Negative Regulation Of Programmed Necrotic Cell Death (GO:0062099),0.06361635628304867,16.974358974358974,46.76240127804881,ARHGEF2,0.23215839111086592
GO_Biological_Process_2023,Mesonephros Development (GO:0001823),0.06361635628304867,16.974358974358974,46.76240127804881,ZBTB16,0.23215839111086592
GO_Biological_Process_2023,Glycine Transport (GO:0015816),0.06361635628304867,16.974358974358974,46.76240127804881,SLC6A9,0.23215839111086592
GO_Biological_Process_2023,Regulation Of Programmed Necrotic Cell Death (GO:0062098),0.06361635628304867,16.974358974358974,46.76240127804881,CFLAR,0.23215839111086592
GO_Biological_Process_2023,Acidic Amino Acid Transport (GO:0015800),0.06361635628304867,16.974358974358974,46.76240127804881,SLC6A6,0.23215839111086592
GO_Biological_Process_2023,Rap Protein Signal Transduction (GO:0032486),0.06361635628304867,16.974358974358974,46.76240127804881,RAP2B,0.23215839111086592
GO_Biological_Process_2023,Columnar/Cuboidal Epithelial Cell Differentiation (GO:0002065),0.06361635628304867,16.974358974358974,46.76240127804881,SOX4,0.23215839111086592
GO_Biological_Process_2023,Positive Regulation Of DNA-templated DNA Replication (GO:2000105),0.06361635628304867,16.974358974358974,46.76240127804881,E2F7,0.23215839111086592
GO_Biological_Process_2023,Atrial Septum Morphogenesis (GO:0060413),0.06361635628304867,16.974358974358974,46.76240127804881,SOX4,0.23215839111086592
GO_Biological_Process_2023,Copper Ion Transport (GO:0006825),0.06361635628304867,16.974358974358974,46.76240127804881,STEAP2,0.23215839111086592
GO_Biological_Process_2023,Negative Regulation Of Cell Cycle (GO:0045786),0.002363104321915065,7.6943715368912216,46.533859627522844,DUSP1;BRCA1;TENT5B;RHOB,0.09798075577844748
GO_Biological_Process_2023,Positive Regulation Of Macromolecule Biosynthetic Process (GO:0010557),0.0012551928942341405,6.699226699226699,44.75395630854431,SLC6A9;SAMD4A;IRS2;TENT5B;SOX4,0.09405578754127827
GO_Biological_Process_2023,Endosome To Lysosome Transport (GO:0008333),0.006209491401044128,8.600260416666666,43.703739416098806,SORT1;RAB7B;RHOB,0.1597363088161087
Reactome_2022,Nicotinate Metabolism R-HSA-196807,0.01748771629334441,10.606789628441593,42.91779222718881,NNMT;QPRT,0.3249800611179836
GO_Biological_Process_2023,Regulation Of Extrinsic Apoptotic Signaling Pathway Via Death Domain Receptors (GO:1902041),0.01748771629334441,10.606789628441593,42.91779222718881,BRCA1;CFLAR,0.22279180820626415
GO_Biological_Process_2023,Negative Regulation Of Intracellular Steroid Hormone Receptor Signaling Pathway (GO:0033144),0.01748771629334441,10.606789628441593,42.91779222718881,PER1;BRCA1,0.22279180820626415
GO_Biological_Process_2023,Regulation Of Protein Autophosphorylation (GO:0031952),0.01748771629334441,10.606789628441593,42.91779222718881,ERRFI1;NEK10,0.22279180820626415
Reactome_2022,RUNX2 Regulates Bone Development R-HSA-8941326,0.01748771629334441,10.606789628441593,42.91779222718881,COL1A1;SMAD1,0.3249800611179836
KEGG_2021_Human,Circadian rhythm,0.01748771629334441,10.606789628441593,42.91779222718881,PER1;PER3,0.285405077036194
Reactome_2022,PERK Regulates Gene Expression R-HSA-381042,0.01857453656031179,10.252713178294574,40.866941922973595,DDIT3;ASNS,0.33136973223596233
GO_Biological_Process_2023,Negative Regulation Of G1/S Transition Of Mitotic Cell Cycle (GO:2000134),0.01857453656031179,10.252713178294574,40.866941922973595,JADE1;E2F7,0.22363226228090882
GO_Biological_Process_2023,Smooth Muscle Cell Differentiation (GO:0051145),0.0697527247352707,15.276153846153846,40.677324049781355,TBX18,0.23473671437857563
GO_Biological_Process_2023,Cochlea Morphogenesis (GO:0090103),0.0697527247352707,15.276153846153846,40.677324049781355,TBX18,0.23473671437857563
GO_Biological_Process_2023,Histone H2A Ubiquitination (GO:0033522),0.0697527247352707,15.276153846153846,40.677324049781355,BRCA1,0.23473671437857563
GO_Biological_Process_2023,Negative Regulation Of Bone Remodeling (GO:0046851),0.0697527247352707,15.276153846153846,40.677324049781355,TMEM119,0.23473671437857563
GO_Biological_Process_2023,Positive Regulation Of Vascular Permeability (GO:0043117),0.0697527247352707,15.276153846153846,40.677324049781355,TJP2,0.23473671437857563
GO_Biological_Process_2023,Polyamine Metabolic Process (GO:0006595),0.0697527247352707,15.276153846153846,40.677324049781355,SAT1,0.23473671437857563
GO_Biological_Process_2023,Cellular Response To Thyroid Hormone Stimulus (GO:0097067),0.0697527247352707,15.276153846153846,40.677324049781355,KLF9,0.23473671437857563
GO_Biological_Process_2023,Epithelial Cell-Cell Adhesion (GO:0090136),0.0697527247352707,15.276153846153846,40.677324049781355,CCN3,0.23473671437857563
GO_Biological_Process_2023,Positive Regulation Of Myelination (GO:0031643),0.0697527247352707,15.276153846153846,40.677324049781355,EGR2,0.23473671437857563
GO_Biological_Process_2023,Positive Regulation Of Protein Maturation (GO:1903319),0.0697527247352707,15.276153846153846,40.677324049781355,SOX4,0.23473671437857563
Reactome_2022,Apoptotic Cleavage Of Cell Adhesion Proteins R-HSA-351906,0.0697527247352707,15.276153846153846,40.677324049781355,TJP2,0.34186500254868935
Reactome_2022,Signaling By Leptin R-HSA-2586552,0.0697527247352707,15.276153846153846,40.677324049781355,IRS2,0.34186500254868935
Reactome_2022,CASP8 Activity Is Inhibited R-HSA-5218900,0.0697527247352707,15.276153846153846,40.677324049781355,CFLAR,0.34186500254868935
Reactome_2022,Aspartate And Asparagine Metabolism R-HSA-8963693,0.0697527247352707,15.276153846153846,40.677324049781355,ASNS,0.34186500254868935
Reactome_2022,Dimerization Of Procaspase-8 R-HSA-69416,0.0697527247352707,15.276153846153846,40.677324049781355,CFLAR,0.34186500254868935
Reactome_2022,ATF6 (ATF6-alpha) Activates Chaperones R-HSA-381033,0.0697527247352707,15.276153846153846,40.677324049781355,DDIT3,0.34186500254868935
GO_Biological_Process_2023,Intestinal Absorption (GO:0050892),0.0697527247352707,15.276153846153846,40.677324049781355,TJP2,0.23473671437857563
GO_Biological_Process_2023,Golgi To Lysosome Transport (GO:0090160),0.0697527247352707,15.276153846153846,40.677324049781355,SORT1,0.23473671437857563
GO_Biological_Process_2023,Negative Regulation Of Ryanodine-Sensitive Calcium-Release Channel Activity (GO:0060315),0.0697527247352707,15.276153846153846,40.677324049781355,CLIC2,0.23473671437857563
GO_Biological_Process_2023,Cellular Response To UV-B (GO:0071493),0.0697527247352707,15.276153846153846,40.677324049781355,MFAP4,0.23473671437857563
GO_Biological_Process_2023,Negative Regulation Of Cell Division (GO:0051782),0.0697527247352707,15.276153846153846,40.677324049781355,E2F7,0.23473671437857563
GO_Biological_Process_2023,Regulation Of Mesenchymal Cell Proliferation (GO:0010464),0.0697527247352707,15.276153846153846,40.677324049781355,TGFBR2,0.23473671437857563
GO_Biological_Process_2023,Intracellular Copper Ion Homeostasis (GO:0006878),0.0697527247352707,15.276153846153846,40.677324049781355,MT2A,0.23473671437857563
GO_Biological_Process_2023,Regulation Of Cell Cycle Checkpoint (GO:1901976),0.0697527247352707,15.276153846153846,40.677324049781355,BRCA1,0.23473671437857563
GO_Biological_Process_2023,Biogenic Amine Biosynthetic Process (GO:0042401),0.0697527247352707,15.276153846153846,40.677324049781355,SAT1,0.23473671437857563
GO_Biological_Process_2023,Phagosome-Lysosome Fusion (GO:0090385),0.0697527247352707,15.276153846153846,40.677324049781355,RAB7B,0.23473671437857563
GO_Biological_Process_2023,Negative Regulation Of Release Of Sequestered Calcium Ion Into Cytosol (GO:0051280),0.0697527247352707,15.276153846153846,40.677324049781355,CLIC2,0.23473671437857563
GO_Biological_Process_2023,Negative Regulation Of Intrinsic Apoptotic Signaling Pathway (GO:2001243),0.007494459042051335,8.005522629310345,39.1757560978979,CREB3L1;RTKN2;ARHGEF2,0.16517199927971962
GO_Biological_Process_2023,Negative Regulation Of Cell Motility (GO:2000146),0.0018382401428183538,6.120101686507937,38.55019376598173,RAP2B;DUSP10;FOXO3;SAP30;RHOB,0.09457514817331497
GO_Biological_Process_2023,Regulation Of Cell Migration (GO:0030334),0.0001361361661506276,4.214066193853428,37.51300601336816,COL1A1;RAP2B;DUSP10;SEMA6D;MYADM;NEXN;LDB2;FOXO3;SAP30;AMOT;RHOB,0.046959954557665155
GO_Biological_Process_2023,Purine Nucleotide Metabolic Process (GO:0006163),0.02083120555154078,9.6109496124031,37.20689950562277,SLC4A7;QPRT,0.22363226228090882
GO_Biological_Process_2023,Positive Regulation Of Neuron Death (GO:1901216),0.02083120555154078,9.6109496124031,37.20689950562277,DDIT3;FOXO3,0.22363226228090882
GO_Biological_Process_2023,Negative Regulation Of JNK Cascade (GO:0046329),0.02083120555154078,9.6109496124031,37.20689950562277,PER1;DUSP10,0.22363226228090882
Reactome_2022,RHO GTPase Cycle R-HSA-9012999,0.00015650594584080114,4.1439728682170545,36.311216468547315,ALDH3A2;SLC4A7;FGD4;EGR2;STOM;PDE5A;ARHGEF2;TEX2;RND2;RHOB;TJP2,0.023267217281665767
GO_Biological_Process_2023,Positive Regulation Of T Cell Differentiation (GO:0045582),0.008553791031965649,7.610655737704918,36.23722933435961,DUSP10;FOXO3;SOX4,0.17196665716985446
GO_Biological_Process_2023,Negative Regulation Of Hippo Signaling (GO:0035331),0.07584918549137858,13.886713286713286,35.81394898804782,CIT,0.2361620069039045
GO_Biological_Process_2023,V(D)J Recombination (GO:0033151),0.07584918549137858,13.886713286713286,35.81394898804782,HMGB2,0.2361620069039045
GO_Biological_Process_2023,Alanine Transport (GO:0032328),0.07584918549137858,13.886713286713286,35.81394898804782,SLC6A6,0.2361620069039045
GO_Biological_Process_2023,DNA Conformation Change (GO:0071103),0.07584918549137858,13.886713286713286,35.81394898804782,HMGB2,0.2361620069039045
GO_Biological_Process_2023,Negative Regulation Of Epidermal Growth Factor-Activated Receptor Activity (GO:0007175),0.07584918549137858,13.886713286713286,35.81394898804782,ERRFI1,0.2361620069039045
GO_Biological_Process_2023,Positive Regulation Of Voltage-Gated Calcium Channel Activity (GO:1901387),0.07584918549137858,13.886713286713286,35.81394898804782,CACNB2,0.2361620069039045
GO_Biological_Process_2023,Positive Regulation Of Histone H3-K4 Methylation (GO:0051571),0.07584918549137858,13.886713286713286,35.81394898804782,BRCA1,0.2361620069039045
GO_Biological_Process_2023,Glucose Import (GO:0046323),0.07584918549137858,13.886713286713286,35.81394898804782,SORT1,0.2361620069039045
GO_Biological_Process_2023,Cell-Cell Junction Maintenance (GO:0045217),0.07584918549137858,13.886713286713286,35.81394898804782,MYADM,0.2361620069039045
GO_Biological_Process_2023,Regulation Of Transcription From RNA Polymerase II Promoter In Response To Stress (GO:0043618),0.07584918549137858,13.886713286713286,35.81394898804782,DDIT3,0.2361620069039045
Reactome_2022,Regulation Of Localization Of FOXO Transcription Factors R-HSA-9614399,0.07584918549137858,13.886713286713286,35.81394898804782,FOXO3,0.356091965570051
Reactome_2022,Presynaptic Depolarization And Calcium Channel Opening R-HSA-112308,0.07584918549137858,13.886713286713286,35.81394898804782,CACNB2,0.356091965570051
Reactome_2022,Erythropoietin Activates Phosphoinositide-3-kinase (PI3K) R-HSA-9027276,0.07584918549137858,13.886713286713286,35.81394898804782,IRS2,0.356091965570051
GO_Biological_Process_2023,Negative Regulation Of JUN Kinase Activity (GO:0043508),0.07584918549137858,13.886713286713286,35.81394898804782,DUSP10,0.2361620069039045
GO_Biological_Process_2023,Histone Monoubiquitination (GO:0010390),0.07584918549137858,13.886713286713286,35.81394898804782,BRCA1,0.2361620069039045
GO_Biological_Process_2023,Triglyceride Catabolic Process (GO:0019433),0.07584918549137858,13.886713286713286,35.81394898804782,PNPLA2,0.2361620069039045
GO_Biological_Process_2023,Cardiac Right Ventricle Morphogenesis (GO:0003215),0.07584918549137858,13.886713286713286,35.81394898804782,SOX4,0.2361620069039045
GO_Biological_Process_2023,Calcium Ion Import (GO:0070509),0.07584918549137858,13.886713286713286,35.81394898804782,CACNB2,0.2361620069039045
GO_Biological_Process_2023,Biogenic Amine Metabolic Process (GO:0006576),0.07584918549137858,13.886713286713286,35.81394898804782,MAOA,0.2361620069039045
GO_Biological_Process_2023,Atrial Cardiac Muscle Tissue Development (GO:0003228),0.07584918549137858,13.886713286713286,35.81394898804782,TBX18,0.2361620069039045
GO_Biological_Process_2023,Atrial Cardiac Muscle Cell Action Potential (GO:0086014),0.07584918549137858,13.886713286713286,35.81394898804782,CACNB2,0.2361620069039045
GO_Biological_Process_2023,Endochondral Bone Morphogenesis (GO:0060350),0.07584918549137858,13.886713286713286,35.81394898804782,TMEM119,0.2361620069039045
GO_Biological_Process_2023,Spinal Cord Development (GO:0021510),0.07584918549137858,13.886713286713286,35.81394898804782,SOX4,0.2361620069039045
GO_Biological_Process_2023,Positive Regulation Of Fatty Acid Oxidation (GO:0046321),0.07584918549137858,13.886713286713286,35.81394898804782,IRS2,0.2361620069039045
GO_Biological_Process_2023,Response To Thyroid Hormone (GO:0097066),0.07584918549137858,13.886713286713286,35.81394898804782,KLF9,0.2361620069039045
GO_Biological_Process_2023,Dendrite Self-Avoidance (GO:0070593),0.07584918549137858,13.886713286713286,35.81394898804782,NEXN,0.2361620069039045
GO_Biological_Process_2023,"Positive Regulation Of CD4-positive, Alpha-Beta T Cell Activation (GO:2000516)",0.07584918549137858,13.886713286713286,35.81394898804782,TGFBR2,0.2361620069039045
GO_Biological_Process_2023,Neutral Amino Acid Transport (GO:0015804),0.02200024817942101,9.31923890063425,35.56875350845458,SLC6A6;SLC6A9,0.22363226228090882
GO_Biological_Process_2023,Negative Regulation Of Cell Cycle G1/S Phase Transition (GO:1902807),0.02200024817942101,9.31923890063425,35.56875350845458,JADE1;E2F7,0.22363226228090882
KEGG_2021_Human,Nicotinate and nicotinamide metabolism,0.02200024817942101,9.31923890063425,35.56875350845458,NNMT;QPRT,0.285405077036194
GO_Biological_Process_2023,Negative Regulation Of Intracellular Signal Transduction (GO:1902532),0.0008315854820084102,4.95085685483871,35.112350442890765,PER1;DUSP1;DDIT3;RTKN2;MYADM;CCN3;CIT,0.07789184014812109
GO_Biological_Process_2023,Positive Regulation Of Cell Differentiation (GO:0045597),0.0005612227477997096,4.63420546932742,34.688847680784065,COL1A1;SLC6A6;ZBTB16;TMEM119;TENT5A;ARHGEF2;SOX4;TGFBR2,0.07055721452339038
GO_Biological_Process_2023,Regulation Of Erythrocyte Differentiation (GO:0045646),0.023195898865407842,9.04468764249886,34.04221254646382,HMGB2;FOXO3,0.22363226228090882
Reactome_2022,RHOH GTPase Cycle R-HSA-9013407,0.023195898865407842,9.04468764249886,34.04221254646382,SLC4A7;STOM,0.3418421072559001
GO_Biological_Process_2023,Skin Development (GO:0043588),0.010096449268684683,7.140865384615385,32.81635726479536,COL1A1;ERRFI1;CFLAR,0.17731889028127473
GO_Biological_Process_2023,Regulation Of Ossification (GO:0030278),0.02441776456216778,8.785825027685492,32.616886534730405,ZBTB16;TENT5A,0.22363226228090882
GO_Biological_Process_2023,Melanosome Organization (GO:0032438),0.02441776456216778,8.785825027685492,32.616886534730405,HPS5;AP1M1,0.22363226228090882
GO_Biological_Process_2023,Ventricular Septum Development (GO:0003281),0.02441776456216778,8.785825027685492,32.616886534730405,SOX4;TGFBR2,0.22363226228090882
Reactome_2022,Erythropoietin Activates RAS R-HSA-9027284,0.0819059960266386,12.728846153846154,31.849903464460027,IRS2,0.36168390324634475
Reactome_2022,Alpha-Linolenic (Omega3) And Linoleic (Omega6) Acid Metabolism R-HSA-2046104,0.0819059960266386,12.728846153846154,31.849903464460027,ACSL1,0.36168390324634475
Reactome_2022,Apoptosis Induced DNA Fragmentation R-HSA-140342,0.0819059960266386,12.728846153846154,31.849903464460027,HMGB2,0.36168390324634475
Reactome_2022,Diseases Associated With Visual Transduction R-HSA-2474795,0.0819059960266386,12.728846153846154,31.849903464460027,ABCA4,0.36168390324634475
GO_Biological_Process_2023,Microvillus Organization (GO:0032528),0.0819059960266386,12.728846153846154,31.849903464460027,RAP2B,0.23912295982842025
GO_Biological_Process_2023,Positive Regulation Of Protein Deacetylation (GO:0090312),0.0819059960266386,12.728846153846154,31.849903464460027,NNMT,0.23912295982842025
GO_Biological_Process_2023,Response To Chemokine (GO:1990868),0.0819059960266386,12.728846153846154,31.849903464460027,DUSP1,0.23912295982842025
GO_Biological_Process_2023,Secondary Palate Development (GO:0062009),0.0819059960266386,12.728846153846154,31.849903464460027,TGFBR2,0.23912295982842025
GO_Biological_Process_2023,Regulation Of Myoblast Fusion (GO:1901739),0.0819059960266386,12.728846153846154,31.849903464460027,CFLAR,0.23912295982842025
GO_Biological_Process_2023,Negative Regulation Of Myoblast Differentiation (GO:0045662),0.0819059960266386,12.728846153846154,31.849903464460027,SOX4,0.23912295982842025
GO_Biological_Process_2023,Cardiac Left Ventricle Morphogenesis (GO:0003214),0.0819059960266386,12.728846153846154,31.849903464460027,TGFBR2,0.23912295982842025
GO_Biological_Process_2023,Positive Regulation Of Alpha-Beta T Cell Differentiation (GO:0046638),0.0819059960266386,12.728846153846154,31.849903464460027,TGFBR2,0.23912295982842025
GO_Biological_Process_2023,Positive Regulation Of Glycogen Biosynthetic Process (GO:0045725),0.0819059960266386,12.728846153846154,31.849903464460027,IRS2,0.23912295982842025
GO_Biological_Process_2023,Embryonic Hemopoiesis (GO:0035162),0.0819059960266386,12.728846153846154,31.849903464460027,TGFBR2,0.23912295982842025
GO_Biological_Process_2023,Myeloid Dendritic Cell Activation (GO:0001773),0.0819059960266386,12.728846153846154,31.849903464460027,TGFBR2,0.23912295982842025
GO_Biological_Process_2023,Negative Regulation Of Fibroblast Growth Factor Receptor Signaling Pathway (GO:0040037),0.0819059960266386,12.728846153846154,31.849903464460027,CREB3L1,0.23912295982842025
GO_Biological_Process_2023,Regulation Of Fatty Acid Beta-Oxidation (GO:0031998),0.0819059960266386,12.728846153846154,31.849903464460027,IRS2,0.23912295982842025
GO_Biological_Process_2023,Branching Involved In Blood Vessel Morphogenesis (GO:0001569),0.0819059960266386,12.728846153846154,31.849903464460027,TGFBR2,0.23912295982842025
GO_Biological_Process_2023,Atrioventricular Valve Development (GO:0003171),0.0819059960266386,12.728846153846154,31.849903464460027,TGFBR2,0.23912295982842025
GO_Biological_Process_2023,Negative Regulation Of Extrinsic Apoptotic Signaling Pathway (GO:2001237),0.010924415518594698,6.927005597014926,31.287587434623923,BRCA1;ARHGEF2;CFLAR,0.1798752836435939
GO_Biological_Process_2023,Fatty Acid Transport (GO:0015908),0.025665456157879487,8.541343669250645,31.283604839394577,CRABP2;ACSL1,0.22363226228090882
GO_Biological_Process_2023,Positive Regulation Of Bone Mineralization (GO:0030501),0.025665456157879487,8.541343669250645,31.283604839394577,TMEM119;TENT5A,0.22363226228090882
GO_Biological_Process_2023,RNA Transport (GO:0050658),0.026938588445021533,8.310077519379846,30.034244821919533,TST;TGFBR2,0.22363226228090882
Reactome_2022,"Platelet Activation, Signaling And Aggregation R-HSA-76002",0.001440280287952913,4.484589264725088,29.34229775952128,SERPINA3;TRPC6;ENDOD1;LHFPL2;RASGRP2;TUBA4A;RHOB,0.07137388982522214
KEGG_2021_Human,TNF signaling pathway,0.006332297660244509,5.762904636920385,29.172354203802296,VCAM1;CREB3L1;LIF;CFLAR,0.2527481473706402
GO_Biological_Process_2023,Negative Regulation Of Mitotic Cell Cycle Phase Transition (GO:1901991),0.02823678009203369,8.090983272133823,28.861588287818005,JADE1;E2F7,0.22363226228090882
GO_Biological_Process_2023,Positive Regulation Of Monoatomic Ion Transport (GO:0043270),0.02823678009203369,8.090983272133823,28.861588287818005,CACNB2;TRPC6,0.22363226228090882
GO_Biological_Process_2023,Positive Regulation Of Insulin Secretion (GO:0032024),0.02823678009203369,8.090983272133823,28.861588287818005,IRS2;SOX4,0.22363226228090882
GO_Biological_Process_2023,Membrane Raft Organization (GO:0031579),0.08792341216396707,11.749112426035502,28.565489678311135,MYADM,0.2434135844145295
GO_Biological_Process_2023,Primary Alcohol Metabolic Process (GO:0034308),0.08792341216396707,11.749112426035502,28.565489678311135,ALDH3A2,0.2434135844145295
GO_Biological_Process_2023,Regulation Of Sequestering Of Triglyceride (GO:0010889),0.08792341216396707,11.749112426035502,28.565489678311135,PNPLA2,0.2434135844145295
GO_Biological_Process_2023,Endoderm Development (GO:0007492),0.08792341216396707,11.749112426035502,28.565489678311135,DUSP1,0.2434135844145295
GO_Biological_Process_2023,Microvillus Assembly (GO:0030033),0.08792341216396707,11.749112426035502,28.565489678311135,RAP2B,0.2434135844145295
GO_Biological_Process_2023,Regulation Of Sensory Perception Of Pain (GO:0051930),0.08792341216396707,11.749112426035502,28.565489678311135,CCN3,0.2434135844145295
GO_Biological_Process_2023,Regulation Of Macrophage Differentiation (GO:0045649),0.08792341216396707,11.749112426035502,28.565489678311135,LIF,0.2434135844145295
Reactome_2022,"Synthesis Of IP2, IP, And Ins In Cytosol R-HSA-1855183",0.08792341216396707,11.749112426035502,28.565489678311135,IMPA2,0.3630911280104566
Reactome_2022,DCC Mediated Attractive Signaling R-HSA-418885,0.08792341216396707,11.749112426035502,28.565489678311135,ABLIM1,0.3630911280104566
Reactome_2022,Retrograde Neurotrophin Signaling R-HSA-177504,0.08792341216396707,11.749112426035502,28.565489678311135,DNM1,0.3630911280104566
Reactome_2022,Methylation R-HSA-156581,0.08792341216396707,11.749112426035502,28.565489678311135,NNMT,0.3630911280104566
Reactome_2022,TP53 Regulates Transcription Of Genes Involved In G1 Cell Cycle Arrest R-HSA-6804116,0.08792341216396707,11.749112426035502,28.565489678311135,E2F7,0.3630911280104566
GO_Biological_Process_2023,Copper Ion Homeostasis (GO:0055070),0.08792341216396707,11.749112426035502,28.565489678311135,MT2A,0.2434135844145295
GO_Biological_Process_2023,Embryonic Cranial Skeleton Morphogenesis (GO:0048701),0.08792341216396707,11.749112426035502,28.565489678311135,TGFBR2,0.2434135844145295
GO_Biological_Process_2023,Positive Regulation Of Glycogen Metabolic Process (GO:0070875),0.08792341216396707,11.749112426035502,28.565489678311135,IRS2,0.2434135844145295
GO_Biological_Process_2023,Histone H2A Monoubiquitination (GO:0035518),0.08792341216396707,11.749112426035502,28.565489678311135,BRCA1,0.2434135844145295
GO_Biological_Process_2023,Regulation Of Histone H3-K4 Methylation (GO:0051569),0.08792341216396707,11.749112426035502,28.565489678311135,BRCA1,0.2434135844145295
GO_Biological_Process_2023,Positive Regulation Of Transporter Activity (GO:0032411),0.08792341216396707,11.749112426035502,28.565489678311135,TRPC6,0.2434135844145295
GO_Biological_Process_2023,Positive Regulation Of Histone Acetylation (GO:0035066),0.08792341216396707,11.749112426035502,28.565489678311135,BRCA1,0.2434135844145295
GO_Biological_Process_2023,Aorta Development (GO:0035904),0.08792341216396707,11.749112426035502,28.565489678311135,TGFBR2,0.2434135844145295
GO_Biological_Process_2023,Phagolysosome Assembly (GO:0001845),0.08792341216396707,11.749112426035502,28.565489678311135,RAB7B,0.2434135844145295
GO_Biological_Process_2023,Pathway-Restricted SMAD Protein Phosphorylation (GO:0060389),0.08792341216396707,11.749112426035502,28.565489678311135,TGFBR2,0.2434135844145295
GO_Biological_Process_2023,Negative Regulation Of Fatty Acid Biosynthetic Process (GO:0045717),0.08792341216396707,11.749112426035502,28.565489678311135,BRCA1,0.2434135844145295
GO_Biological_Process_2023,Regulation Of mRNA Stability (GO:0043488),0.012695192474063657,6.535431338028169,28.53716943431581,TENT5A;TENT5B;TENT5C,0.18531683559542275
KEGG_2021_Human,Ferroptosis,0.02955965359042763,7.883124627310674,27.75920071689616,ACSL1;SAT1,0.285405077036194
GO_Biological_Process_2023,Negative Regulation Of Cell Migration (GO:0030336),0.004413859138696067,4.950522403054048,26.846712120883858,RAP2B;DUSP10;FOXO3;SAP30;RHOB,0.1503387173301327
GO_Biological_Process_2023,Skeletal Muscle Tissue Development (GO:0007519),0.03090683524836144,7.685658914728682,26.72132916997424,EGR2;CFLAR,0.22363226228090882
KEGG_2021_Human,Tryptophan metabolism,0.03090683524836144,7.685658914728682,26.72132916997424,ALDH3A2;MAOA,0.285405077036194
GO_Biological_Process_2023,Cardiac Ventricle Morphogenesis (GO:0003208),0.03090683524836144,7.685658914728682,26.72132916997424,SOX4;TGFBR2,0.22363226228090882
Reactome_2022,G Alpha (12/13) Signaling Events R-HSA-416482,0.014620814114499475,6.185625,26.13617785668724,FGD4;ARHGEF2;RHOB,0.31051824262222694
GO_Biological_Process_2023,Positive Regulation Of Apoptotic Process (GO:0043065),0.0020372720238357868,4.2083282227400955,26.07540602296322,GADD45B;DDIT3;CFLAR;FOXO3;PHLDA1;SOX4;RHOB,0.09798075577844748
Reactome_2022,Elevation Of Cytosolic Ca2+ Levels R-HSA-139853,0.09390168812417539,10.909340659340659,25.806120768156763,TRPC6,0.3673697623103704
Reactome_2022,Phase 2 - Plateau Phase R-HSA-5576893,0.09390168812417539,10.909340659340659,25.806120768156763,CACNB2,0.3673697623103704
Reactome_2022,cGMP Effects R-HSA-418457,0.09390168812417539,10.909340659340659,25.806120768156763,PDE5A,0.3673697623103704
GO_Biological_Process_2023,Golgi To Endosome Transport (GO:0006895),0.09390168812417539,10.909340659340659,25.806120768156763,SORT1,0.25127656427535006
GO_Biological_Process_2023,Regulation Of Hormone Secretion (GO:0046883),0.09390168812417539,10.909340659340659,25.806120768156763,LIF,0.25127656427535006
GO_Biological_Process_2023,Regulation Of Lipoprotein Lipase Activity (GO:0051004),0.09390168812417539,10.909340659340659,25.806120768156763,SORT1,0.25127656427535006
GO_Biological_Process_2023,Negative Regulation Of Type I Interferon-Mediated Signaling Pathway (GO:0060339),0.09390168812417539,10.909340659340659,25.806120768156763,SAMHD1,0.25127656427535006
GO_Biological_Process_2023,Neurotrophin Signaling Pathway (GO:0038179),0.09390168812417539,10.909340659340659,25.806120768156763,SORT1,0.25127656427535006
GO_Biological_Process_2023,Phagosome Maturation (GO:0090382),0.09390168812417539,10.909340659340659,25.806120768156763,SLC4A7,0.25127656427535006
GO_Biological_Process_2023,Positive Regulation Of Collagen Biosynthetic Process (GO:0032967),0.09390168812417539,10.909340659340659,25.806120768156763,CREB3L1,0.25127656427535006
GO_Biological_Process_2023,Negative Regulation Of Endoplasmic Reticulum Stress-Induced Intrinsic Apoptotic Signaling Pathway (GO:1902236),0.09390168812417539,10.909340659340659,25.806120768156763,CREB3L1,0.25127656427535006
GO_Biological_Process_2023,Histone H4-K8 Acetylation (GO:0043982),0.09390168812417539,10.909340659340659,25.806120768156763,JADE1,0.25127656427535006
GO_Biological_Process_2023,Histone H4-K5 Acetylation (GO:0043981),0.09390168812417539,10.909340659340659,25.806120768156763,JADE1,0.25127656427535006
GO_Biological_Process_2023,Protein Localization To Cell-Cell Junction (GO:0150105),0.09390168812417539,10.909340659340659,25.806120768156763,TJP2,0.25127656427535006
GO_Biological_Process_2023,Sympathetic Nervous System Development (GO:0048485),0.09390168812417539,10.909340659340659,25.806120768156763,SOX4,0.25127656427535006
KEGG_2021_Human,Fatty acid degradation,0.03227795514099813,7.497825675931178,25.74281562781207,ALDH3A2;ACSL1,0.285405077036194
Reactome_2022,RND2 GTPase Cycle R-HSA-9696270,0.03227795514099813,7.497825675931178,25.74281562781207,ALDH3A2;RND2,0.3418421072559001
GO_Biological_Process_2023,Positive Regulation Of Biomineral Tissue Development (GO:0070169),0.03227795514099813,7.497825675931178,25.74281562781207,TMEM119;TENT5A,0.22363226228090882
GO_Biological_Process_2023,Regulation Of Primary Metabolic Process (GO:0080090),0.03227795514099813,7.497825675931178,25.74281562781207,SERPINA3;IRS2,0.22363226228090882
GO_Biological_Process_2023,Positive Regulation Of Osteoblast Differentiation (GO:0045669),0.03367264707600145,7.318936877076412,24.81902310880993,TMEM119;TENT5A,0.22363226228090882
GO_Biological_Process_2023,Response To Unfolded Protein (GO:0006986),0.03367264707600145,7.318936877076412,24.81902310880993,DNAJB4;DDIT3,0.22363226228090882
GO_Biological_Process_2023,Regulation Of Cell Motility (GO:2000145),0.008762214627216427,5.2272877654999,24.76326480368382,NEXN;LDB2;AMOT;RHOB,0.17196665716985446
Reactome_2022,Platelet Degranulation R-HSA-114608,0.009260920462697605,5.140365718747966,24.066944700441393,SERPINA3;ENDOD1;LHFPL2;TUBA4A,0.25814815789769574
GO_Biological_Process_2023,Hexose Metabolic Process (GO:0019318),0.03509054856415484,7.148368487470705,23.945772434655535,IRS2;GALM,0.22363226228090882
GO_Biological_Process_2023,Positive Regulation Of Cellular Biosynthetic Process (GO:0031328),0.005803636468161646,4.625716164177702,23.81906415853863,NNMT;SAMD4A;IRS2;TENT5B;SOX4,0.15910457049301682
GO_Biological_Process_2023,Apoptotic Process (GO:0006915),0.003938126456649151,4.248,23.52138919600763,ZBTB16;JADE1;CFLAR;TGFBR2;RHOB;CIT,0.14278884313785953
Reactome_2022,Plasma Lipoprotein Assembly R-HSA-8963898,0.09984107647289782,10.181538461538462,23.460052416555833,TRNP1,0.3741942866127095
Reactome_2022,Rap1 Signaling R-HSA-392517,0.09984107647289782,10.181538461538462,23.460052416555833,RASGRP2,0.3741942866127095
Reactome_2022,SUMOylation Of DNA Methylation Proteins R-HSA-4655427,0.09984107647289782,10.181538461538462,23.460052416555833,PHC2,0.3741942866127095
Reactome_2022,TGF-beta Receptor Signaling In EMT (Epithelial To Mesenchymal Transition) R-HSA-2173791,0.09984107647289782,10.181538461538462,23.460052416555833,TGFBR2,0.3741942866127095
Reactome_2022,Caspase Activation Via Death Receptors In Presence Of Ligand R-HSA-140534,0.09984107647289782,10.181538461538462,23.460052416555833,CFLAR,0.3741942866127095
GO_Biological_Process_2023,Negative Regulation Of Viral-Induced Cytoplasmic Pattern Recognition Receptor Signaling Pathway (GO:0039532),0.09984107647289782,10.181538461538462,23.460052416555833,RAB7B,0.25127656427535006
GO_Biological_Process_2023,Positive Regulation Of Collagen Metabolic Process (GO:0010714),0.09984107647289782,10.181538461538462,23.460052416555833,CREB3L1,0.25127656427535006
GO_Biological_Process_2023,Dicarboxylic Acid Catabolic Process (GO:0043649),0.09984107647289782,10.181538461538462,23.460052416555833,QPRT,0.25127656427535006
GO_Biological_Process_2023,Regulation Of Cardiac Muscle Contraction By Regulation Of The Release Of Sequestered Calcium Ion (GO:0010881),0.09984107647289782,10.181538461538462,23.460052416555833,CLIC2,0.25127656427535006
GO_Biological_Process_2023,Regulation Of Stem Cell Proliferation (GO:0072091),0.09984107647289782,10.181538461538462,23.460052416555833,HMGB2,0.25127656427535006
GO_Biological_Process_2023,Regulation Of Protein Kinase C Signaling (GO:0090036),0.09984107647289782,10.181538461538462,23.460052416555833,MYADM,0.25127656427535006
GO_Biological_Process_2023,Vasculature Development (GO:0001944),0.09984107647289782,10.181538461538462,23.460052416555833,ERRFI1,0.25127656427535006
GO_Biological_Process_2023,Response To UV-B (GO:0010224),0.09984107647289782,10.181538461538462,23.460052416555833,MFAP4,0.25127656427535006
GO_Biological_Process_2023,Regulation Of NMDA Receptor Activity (GO:2000310),0.09984107647289782,10.181538461538462,23.460052416555833,SLC6A9,0.25127656427535006
GO_Biological_Process_2023,Membrane Depolarization During Cardiac Muscle Cell Action Potential (GO:0086012),0.09984107647289782,10.181538461538462,23.460052416555833,CACNB2,0.25127656427535006
GO_Biological_Process_2023,Regulation Of Osteoblast Proliferation (GO:0033688),0.09984107647289782,10.181538461538462,23.460052416555833,TMEM119,0.25127656427535006
GO_Biological_Process_2023,Autonomic Nervous System Development (GO:0048483),0.09984107647289782,10.181538461538462,23.460052416555833,SOX4,0.25127656427535006
GO_Biological_Process_2023,Response To Glucose (GO:0009749),0.03653130080252294,6.985553206483439,23.119287904453852,IRS2;SOX4,0.22363226228090882
GO_Biological_Process_2023,Positive Regulation Of Peptide Hormone Secretion (GO:0090277),0.03653130080252294,6.985553206483439,23.119287904453852,IRS2;SOX4,0.22363226228090882
GO_Biological_Process_2023,Replication Fork Processing (GO:0031297),0.03653130080252294,6.985553206483439,23.119287904453852,BRCA1;SAMHD1,0.22363226228090882
GO_Biological_Process_2023,Homotypic Cell-Cell Adhesion (GO:0034109),0.03653130080252294,6.985553206483439,23.119287904453852,RAP2B;TJP2,0.22363226228090882
GO_Biological_Process_2023,Positive Regulation Of Amide Metabolic Process (GO:0034250),0.01836791326130779,5.655583079268292,22.606213798565868,SAMD4A;TENT5B;SOX4,0.22363226228090882
Reactome_2022,Response To Elevated Platelet Cytosolic Ca2+ R-HSA-76005,0.01058766559147576,4.9351331083614545,22.445309017158092,SERPINA3;ENDOD1;LHFPL2;TUBA4A,0.27777052081165815
GO_Biological_Process_2023,Positive Regulation Of Epithelial To Mesenchymal Transition (GO:0010718),0.03799454861406044,6.829974160206718,22.33615046549707,COL1A1;TGFBR2,0.22363226228090882
KEGG_2021_Human,Other types of O-glycan biosynthesis,0.03799454861406044,6.829974160206718,22.33615046549707,EOGT;GXYLT2,0.3191542083581077
KEGG_2021_Human,FoxO signaling pathway,0.010866967155824817,4.896025792051584,22.139963895549293,GADD45B;IRS2;FOXO3;TGFBR2,0.2608072117397956
KEGG_2021_Human,MAPK signaling pathway,0.003272720810024309,3.8516915814319432,22.039893768887023,CACNB2;DUSP10;GADD45B;DUSP1;DDIT3;RASGRP2;TGFBR2,0.24079132144139587
GO_Biological_Process_2023,Circulatory System Development (GO:0072359),0.011150987775345667,4.8575295275590555,21.840556363699978,FLRT3;PDLIM5;SOX4;TGFBR2,0.1798752836435939
GO_Biological_Process_2023,Regulation Of Insulin Secretion (GO:0050796),0.01952735636250189,5.520368303571429,21.72783238235409,IRS2;CCN3;SOX4,0.22363226228090882
GO_Biological_Process_2023,Cellular Response To Radiation (GO:0071478),0.039479940438423795,6.681159420289855,21.59325719109003,BRCA1;RHOB,0.22363226228090882
GO_Biological_Process_2023,Regulation Of Intrinsic Apoptotic Signaling Pathway (GO:2001242),0.039479940438423795,6.681159420289855,21.59325719109003,DDIT3;RTKN2,0.22363226228090882
KEGG_2021_Human,Phenylalanine metabolism,0.10574182820484038,9.544711538461538,21.444625878565986,MAOA,0.37009639871694133
Reactome_2022,FOXO-mediated Transcription Of Cell Cycle Genes R-HSA-9617828,0.10574182820484038,9.544711538461538,21.444625878565986,FOXO3,0.3834215884500716
GO_Biological_Process_2023,Regulation Of Cartilage Development (GO:0061035),0.10574182820484038,9.544711538461538,21.444625878565986,ZBTB16,0.25127656427535006
GO_Biological_Process_2023,Extracellular Matrix Assembly (GO:0085029),0.10574182820484038,9.544711538461538,21.444625878565986,MFAP4,0.25127656427535006
Reactome_2022,IL-6-type Cytokine Receptor Ligand Interactions R-HSA-6788467,0.10574182820484038,9.544711538461538,21.444625878565986,LIF,0.3834215884500716
GO_Biological_Process_2023,Membrane Lipid Metabolic Process (GO:0006643),0.10574182820484038,9.544711538461538,21.444625878565986,TEX2,0.25127656427535006
GO_Biological_Process_2023,Positive Regulation Of Peptidyl-Serine Phosphorylation Of STAT Protein (GO:0033141),0.10574182820484038,9.544711538461538,21.444625878565986,LIF,0.25127656427535006
GO_Biological_Process_2023,Leukocyte Tethering Or Rolling (GO:0050901),0.10574182820484038,9.544711538461538,21.444625878565986,VCAM1,0.25127656427535006
GO_Biological_Process_2023,Long-Chain fatty-acyl-CoA Biosynthetic Process (GO:0035338),0.10574182820484038,9.544711538461538,21.444625878565986,ACSL1,0.25127656427535006
GO_Biological_Process_2023,Negative Regulation Of Interleukin-8 Production (GO:0032717),0.10574182820484038,9.544711538461538,21.444625878565986,ANXA4,0.25127656427535006
GO_Biological_Process_2023,Aorta Morphogenesis (GO:0035909),0.10574182820484038,9.544711538461538,21.444625878565986,TGFBR2,0.25127656427535006
GO_Biological_Process_2023,Peptidyl-Threonine Dephosphorylation (GO:0035970),0.10574182820484038,9.544711538461538,21.444625878565986,DUSP10,0.25127656427535006
GO_Biological_Process_2023,Carbohydrate Derivative Catabolic Process (GO:1901136),0.10574182820484038,9.544711538461538,21.444625878565986,SAMHD1,0.25127656427535006
GO_Biological_Process_2023,Nicotinamide Nucleotide Metabolic Process (GO:0046496),0.10574182820484038,9.544711538461538,21.444625878565986,QPRT,0.25127656427535006
GO_Biological_Process_2023,Cellular Response To Glucocorticoid Stimulus (GO:0071385),0.10574182820484038,9.544711538461538,21.444625878565986,KLF9,0.25127656427535006
GO_Biological_Process_2023,Polyol Metabolic Process (GO:0019751),0.10574182820484038,9.544711538461538,21.444625878565986,IMPA2,0.25127656427535006
GO_Biological_Process_2023,Carboxylic Acid Catabolic Process (GO:0046395),0.10574182820484038,9.544711538461538,21.444625878565986,TST,0.25127656427535006
GO_Biological_Process_2023,Positive Regulation Of Cartilage Development (GO:0061036),0.10574182820484038,9.544711538461538,21.444625878565986,ZBTB16,0.25127656427535006
GO_Biological_Process_2023,Purine-Containing Compound Biosynthetic Process (GO:0072522),0.10574182820484038,9.544711538461538,21.444625878565986,SLC4A7,0.25127656427535006
GO_Biological_Process_2023,Sulfur Amino Acid Metabolic Process (GO:0000096),0.10574182820484038,9.544711538461538,21.444625878565986,TST,0.25127656427535006
GO_Biological_Process_2023,Positive Regulation Of Cell Adhesion Mediated By Integrin (GO:0033630),0.10574182820484038,9.544711538461538,21.444625878565986,LIF,0.25127656427535006
GO_Biological_Process_2023,Positive Regulation Of Alpha-Beta T Cell Proliferation (GO:0046641),0.10574182820484038,9.544711538461538,21.444625878565986,TGFBR2,0.25127656427535006
GO_Biological_Process_2023,Negative Regulation Of Insulin Secretion (GO:0046676),0.10574182820484038,9.544711538461538,21.444625878565986,CCN3,0.25127656427535006
GO_Biological_Process_2023,Regulation Of Mitotic Cell Cycle Spindle Assembly Checkpoint (GO:0090266),0.10574182820484038,9.544711538461538,21.444625878565986,DUSP1,0.25127656427535006
GO_Biological_Process_2023,Golgi To Vacuole Transport (GO:0006896),0.10574182820484038,9.544711538461538,21.444625878565986,SORT1,0.25127656427535006
GO_Biological_Process_2023,Positive Regulation Of Glial Cell Differentiation (GO:0045687),0.10574182820484038,9.544711538461538,21.444625878565986,EGR2,0.25127656427535006
GO_Biological_Process_2023,Filopodium Assembly (GO:0046847),0.10574182820484038,9.544711538461538,21.444625878565986,FGD4,0.25127656427535006
GO_Biological_Process_2023,Mesenchyme Development (GO:0060485),0.10574182820484038,9.544711538461538,21.444625878565986,SOX4,0.25127656427535006
GO_Biological_Process_2023,Cellular Response To Metal Ion (GO:0071248),0.012031645440421956,4.7455671094548295,20.97642682703608,MT2A;MT1X;RASGRP2;MT1E,0.18031425966712372
Reactome_2022,Signaling By Rho GTPases R-HSA-194315,0.0010877259477238433,3.0694075098393787,20.944611814086972,ALDH3A2;SLC4A7;FGD4;EGR2;STOM;PDE5A;ARHGEF2;TEX2;CENPP;RND2;RHOB;TJP2,0.06966819663923011
Reactome_2022,Interferon Gamma Signaling R-HSA-877300,0.020726439416817653,5.391442587209302,20.899092201554996,MT2A;VCAM1;TRIM45,0.3418421072559001
Reactome_2022,Unfolded Protein Response (UPR) R-HSA-381119,0.020726439416817653,5.391442587209302,20.899092201554996,CREB3L1;DDIT3;ASNS,0.3418421072559001
Reactome_2022,Netrin-1 Signaling R-HSA-373752,0.04098712829646158,6.538677222497114,20.887786115308213,ABLIM1;TRPC6,0.3418421072559001
KEGG_2021_Human,Cocaine addiction,0.04098712829646158,6.538677222497114,20.887786115308213,MAOA;CREB3L1,0.32789702637169266
GO_Biological_Process_2023,Regulation Of Peptidyl-Tyrosine Phosphorylation (GO:0050730),0.021340860374790594,5.329202586206897,20.502144292795414,RAP2B;LIF;ARHGEF2,0.22363226228090882
GO_Biological_Process_2023,Positive Regulation Of Programmed Cell Death (GO:0043068),0.005569322635895622,3.9424267782426776,20.463094605064843,GADD45B;CFLAR;FOXO3;PHLDA1;SOX4;RHOB,0.156497966068667
GO_Biological_Process_2023,Cell Chemotaxis (GO:0060326),0.04251576774636915,6.4021317829457365,20.217165618082923,HMGB2;CCN3,0.22363226228090882
Reactome_2022,Neurotransmitter Release Cycle R-HSA-112310,0.04251576774636915,6.4021317829457365,20.217165618082923,MAOA;SYN2,0.3418421072559001
Reactome_2022,Death Receptor Signaling R-HSA-73887,0.013273593299162594,4.604024496937883,19.898495734692997,FGD4;OMG;CFLAR;ARHGEF2,0.29941745709781464
KEGG_2021_Human,Transcriptional misregulation in cancer,0.008701664952244965,4.176640353110941,19.814987978672413,SMAD1;GADD45B;ZBTB16;DDIT3;TGFBR2,0.2527481473706402
Reactome_2022,"Signaling By Rho GTPases, Miro GTPases And RHOBTB3 R-HSA-9716542",0.0013401510118773961,2.9911297852474323,19.78624269693523,ALDH3A2;SLC4A7;FGD4;EGR2;STOM;PDE5A;ARHGEF2;TEX2;CENPP;RND2;RHOB;TJP2,0.07137388982522214
GO_Biological_Process_2023,Negative Regulation Of Lipid Storage (GO:0010888),0.11160419271751376,8.982805429864253,19.697465749311625,PNPLA2,0.2524006290029889
GO_Biological_Process_2023,Regulation Of Epidermal Cell Differentiation (GO:0045604),0.11160419271751376,8.982805429864253,19.697465749311625,ERRFI1,0.2524006290029889
GO_Biological_Process_2023,Response To Axon Injury (GO:0048678),0.11160419271751376,8.982805429864253,19.697465749311625,FLRT3,0.2524006290029889
KEGG_2021_Human,Fatty acid biosynthesis,0.11160419271751376,8.982805429864253,19.697465749311625,ACSL1,0.37499008753084623
GO_Biological_Process_2023,Positive Regulation Of Triglyceride Metabolic Process (GO:0090208),0.11160419271751376,8.982805429864253,19.697465749311625,PNPLA2,0.2524006290029889
GO_Biological_Process_2023,Negative Regulation Of ERBB Signaling Pathway (GO:1901185),0.11160419271751376,8.982805429864253,19.697465749311625,ERRFI1,0.2524006290029889
GO_Biological_Process_2023,Regulation Of DNA Damage Checkpoint (GO:2000001),0.11160419271751376,8.982805429864253,19.697465749311625,BRCA1,0.2524006290029889
GO_Biological_Process_2023,Maintenance Of Gastrointestinal Epithelium (GO:0030277),0.11160419271751376,8.982805429864253,19.697465749311625,SERPINA3,0.2524006290029889
GO_Biological_Process_2023,Negative Regulation Of Peptide Hormone Secretion (GO:0090278),0.11160419271751376,8.982805429864253,19.697465749311625,CCN3,0.2524006290029889
GO_Biological_Process_2023,Regulation Of Peptidyl-Serine Phosphorylation Of STAT Protein (GO:0033139),0.11160419271751376,8.982805429864253,19.697465749311625,LIF,0.2524006290029889
GO_Biological_Process_2023,Response To Cholesterol (GO:0070723),0.11160419271751376,8.982805429864253,19.697465749311625,TGFBR2,0.2524006290029889
Reactome_2022,Metabolism Of Angiotensinogen To Angiotensins R-HSA-2022377,0.11160419271751376,8.982805429864253,19.697465749311625,AOPEP,0.38363515636180573
Reactome_2022,Serotonin Neurotransmitter Release Cycle R-HSA-181429,0.11160419271751376,8.982805429864253,19.697465749311625,SYN2,0.38363515636180573
Reactome_2022,MECP2 Regulates Neuronal Receptors And Channels R-HSA-9022699,0.11160419271751376,8.982805429864253,19.697465749311625,FKBP5,0.38363515636180573
Reactome_2022,Norepinephrine Neurotransmitter Release Cycle R-HSA-181430,0.11160419271751376,8.982805429864253,19.697465749311625,MAOA,0.38363515636180573
GO_Biological_Process_2023,Regulation Of Collagen Biosynthetic Process (GO:0032965),0.11160419271751376,8.982805429864253,19.697465749311625,CREB3L1,0.2524006290029889
GO_Biological_Process_2023,Positive Regulation Of Nervous System Process (GO:0031646),0.11160419271751376,8.982805429864253,19.697465749311625,EGR2,0.2524006290029889
GO_Biological_Process_2023,Positive Regulation Of Response To Endoplasmic Reticulum Stress (GO:1905898),0.11160419271751376,8.982805429864253,19.697465749311625,DDIT3,0.2524006290029889
GO_Biological_Process_2023,Regulation Of Cell Cycle G2/M Phase Transition (GO:1902749),0.11160419271751376,8.982805429864253,19.697465749311625,NEK10,0.2524006290029889
GO_Biological_Process_2023,Regulation Of Protein Deacetylation (GO:0090311),0.11160419271751376,8.982805429864253,19.697465749311625,NNMT,0.2524006290029889
GO_Biological_Process_2023,Cell Junction Maintenance (GO:0034331),0.11160419271751376,8.982805429864253,19.697465749311625,MYADM,0.2524006290029889
GO_Biological_Process_2023,Negative Regulation Of MAP Kinase Activity (GO:0043407),0.044065517866388126,6.271159626641354,19.579047687257045,DUSP10;DUSP1,0.22363226228090882
KEGG_2021_Human,Apoptosis,0.014256765725878055,4.503252310852448,19.141180661580645,GADD45B;DDIT3;CFLAR;TUBA4A,0.285405077036194
GO_Biological_Process_2023,Cartilage Development (GO:0051216),0.04563604121989421,6.145426356589147,18.971284506471022,ZBTB16;CCN3,0.2249776768910574
Reactome_2022,Apoptotic Execution Phase R-HSA-75153,0.04563604121989421,6.145426356589147,18.971284506471022,HMGB2;TJP2,0.3418421072559001
GO_Biological_Process_2023,Cellular Response To Ionizing Radiation (GO:0071479),0.04563604121989421,6.145426356589147,18.971284506471022,BRCA1;RHOB,0.2249776768910574
Reactome_2022,P75 NTR Receptor-Mediated Signaling R-HSA-193704,0.024561842149121056,5.038298233695652,18.67476060821103,FGD4;OMG;ARHGEF2,0.3418421072559001
GO_Biological_Process_2023,Ras Protein Signal Transduction (GO:0007265),0.014937207890673791,4.438470191226097,18.658884858722374,RAP2B;RGL1;RASGRP2;RHOB,0.2060552926253849
GO_Biological_Process_2023,Regulation Of Macromolecule Biosynthetic Process (GO:0010556),0.04722700382563352,6.024623803009576,18.391907895894818,JADE1;FOXO3,0.2257425135455925
GO_Biological_Process_2023,Cellular Response To Alcohol (GO:0097306),0.04722700382563352,6.024623803009576,18.391907895894818,KLF9;BRCA1,0.2257425135455925
GO_Biological_Process_2023,Response To Fatty Acid (GO:0070542),0.11742841776762576,8.483333333333333,18.170675130648927,FOXO3,0.2562903719821579
Reactome_2022,RHO GTPases Activate CIT R-HSA-5625900,0.11742841776762576,8.483333333333333,18.170675130648927,RHOB,0.38794869869897103
GO_Biological_Process_2023,Regulation Of Centriole Replication (GO:0046599),0.11742841776762576,8.483333333333333,18.170675130648927,BRCA1,0.2562903719821579
Reactome_2022,Nicotinamide Salvaging R-HSA-197264,0.11742841776762576,8.483333333333333,18.170675130648927,NNMT,0.38794869869897103
Reactome_2022,Scavenging By Class A Receptors R-HSA-3000480,0.11742841776762576,8.483333333333333,18.170675130648927,COL1A1,0.38794869869897103
Reactome_2022,RHO GTPases Activate ROCKs R-HSA-5627117,0.11742841776762576,8.483333333333333,18.170675130648927,RHOB,0.38794869869897103
Reactome_2022,Other Semaphorin Interactions R-HSA-416700,0.11742841776762576,8.483333333333333,18.170675130648927,SEMA6D,0.38794869869897103
GO_Biological_Process_2023,Negative Regulation Of Fatty Acid Metabolic Process (GO:0045922),0.11742841776762576,8.483333333333333,18.170675130648927,BRCA1,0.2562903719821579
GO_Biological_Process_2023,Negative Regulation Of Axon Extension Involved In Axon Guidance (GO:0048843),0.11742841776762576,8.483333333333333,18.170675130648927,SEMA6D,0.2562903719821579
GO_Biological_Process_2023,Leukocyte Adhesion To Vascular Endothelial Cell (GO:0061756),0.11742841776762576,8.483333333333333,18.170675130648927,VCAM1,0.2562903719821579
GO_Biological_Process_2023,Nucleotide Biosynthetic Process (GO:0009165),0.11742841776762576,8.483333333333333,18.170675130648927,SLC4A7,0.2562903719821579
GO_Biological_Process_2023,Dopamine Metabolic Process (GO:0042417),0.11742841776762576,8.483333333333333,18.170675130648927,MAOA,0.2562903719821579
GO_Biological_Process_2023,Epithelial Structure Maintenance (GO:0010669),0.11742841776762576,8.483333333333333,18.170675130648927,SERPINA3,0.2562903719821579
GO_Biological_Process_2023,Positive Regulation Of Histone Methylation (GO:0031062),0.11742841776762576,8.483333333333333,18.170675130648927,BRCA1,0.2562903719821579
GO_Biological_Process_2023,Glycosphingolipid Biosynthetic Process (GO:0006688),0.11742841776762576,8.483333333333333,18.170675130648927,ST8SIA1,0.2562903719821579
GO_Biological_Process_2023,Neuron Apoptotic Process (GO:0051402),0.11742841776762576,8.483333333333333,18.170675130648927,CIT,0.2562903719821579
GO_Biological_Process_2023,Regulation Of Transcription Involved In G1/S Transition Of Mitotic Cell Cycle (GO:0000083),0.11742841776762576,8.483333333333333,18.170675130648927,E2F7,0.2562903719821579
GO_Biological_Process_2023,N-glycan Processing (GO:0006491),0.11742841776762576,8.483333333333333,18.170675130648927,ST8SIA1,0.2562903719821579
GO_Biological_Process_2023,Positive Regulation Of Calcineurin-Mediated Signaling (GO:0106058),0.11742841776762576,8.483333333333333,18.170675130648927,LMCD1,0.2562903719821579
GO_Biological_Process_2023,Regulation Of Fibroblast Growth Factor Receptor Signaling Pathway (GO:0040036),0.11742841776762576,8.483333333333333,18.170675130648927,CREB3L1,0.2562903719821579
GO_Biological_Process_2023,Bicarbonate Transport (GO:0015701),0.11742841776762576,8.483333333333333,18.170675130648927,SLC4A7,0.2562903719821579
GO_Biological_Process_2023,Positive Regulation Of calcineurin-NFAT Signaling Cascade (GO:0070886),0.11742841776762576,8.483333333333333,18.170675130648927,LMCD1,0.2562903719821579
Reactome_2022,RHOA GTPase Cycle R-HSA-8980692,0.01599582771142999,4.344694675403336,17.967169226225593,STOM;ARHGEF2;TEX2;TJP2,0.3242790526953534
Reactome_2022,RHOJ GTPase Cycle R-HSA-9013409,0.0488380751277771,5.908467501490757,17.839111211552154,SLC4A7;STOM,0.3418421072559001
GO_Biological_Process_2023,Regulation Of Lipid Metabolic Process (GO:0019216),0.0488380751277771,5.908467501490757,17.839111211552154,SERPINA3;IRS2,0.2257425135455925
GO_Biological_Process_2023,Negative Regulation Of Cellular Process (GO:0048523),0.002844101635867516,3.0332303542584724,17.782337310912865,DUSP1;ADAMTS1;JADE1;CCN3;BRCA1;TENT5B;TENT5C;E2F7;SOX4;RHOB,0.1065590079571696
Reactome_2022,Golgi Associated Vesicle Biogenesis R-HSA-432722,0.05046892795335374,5.796694456633026,17.311233370516245,SORT1;AP1M1,0.3418421072559001
KEGG_2021_Human,Regulation of lipolysis in adipocytes,0.05046892795335374,5.796694456633026,17.311233370516245,IRS2;PNPLA2,0.33247440838930964
Reactome_2022,Nervous System Development R-HSA-9675108,0.0031599757373779297,2.9866378311577972,17.194644231117042,CACNB2;ABLIM1;EGR2;TRPC6;FLRT3;SEMA6D;IRS2;LDB2;DNM1;RHOB,0.14093491788705567
Reactome_2022,Stimuli-sensing Channels R-HSA-2672351,0.028030721333160258,4.777384020618556,17.076540281059767,TRPC6;STOM;CLIC2,0.3418421072559001
KEGG_2021_Human,AGE-RAGE signaling pathway in diabetic complications,0.028030721333160258,4.777384020618556,17.076540281059767,COL1A1;VCAM1;TGFBR2,0.285405077036194
GO_Biological_Process_2023,Positive Regulation Of NF-kappaB Transcription Factor Activity (GO:0051092),0.017862867400742753,4.196850393700787,16.892453640679353,RTKN2;CFLAR;ARHGEF2;RAB7B,0.22308736620483172
GO_Biological_Process_2023,Mitochondrial RNA Metabolic Process (GO:0000959),0.12321474956792654,8.036437246963562,16.82690539004688,FOXO3,0.260816155394255
GO_Biological_Process_2023,Sulfur Compound Catabolic Process (GO:0044273),0.12321474956792654,8.036437246963562,16.82690539004688,TST,0.260816155394255
GO_Biological_Process_2023,Calcium-Mediated Signaling Using Intracellular Calcium Source (GO:0035584),0.12321474956792654,8.036437246963562,16.82690539004688,VCAM1,0.260816155394255
GO_Biological_Process_2023,Regulation Of Cardiac Muscle Contraction By Calcium Ion Signaling (GO:0010882),0.12321474956792654,8.036437246963562,16.82690539004688,CLIC2,0.260816155394255
GO_Biological_Process_2023,Anterior/Posterior Axis Specification (GO:0009948),0.12321474956792654,8.036437246963562,16.82690539004688,DDIT3,0.260816155394255
GO_Biological_Process_2023,Negative Regulation Of Stem Cell Population Maintenance (GO:1902455),0.12321474956792654,8.036437246963562,16.82690539004688,SAP30,0.260816155394255
GO_Biological_Process_2023,Negative Regulation Of Microtubule Depolymerization (GO:0007026),0.12321474956792654,8.036437246963562,16.82690539004688,ARHGEF2,0.260816155394255
Reactome_2022,Nef-mediated Downmodulation Of Cell Surface Receptors By Recruitment To Clathrin Adapters R-HSA-164938,0.12321474956792654,8.036437246963562,16.82690539004688,AP1M1,0.39535092307406644
GO_Biological_Process_2023,Hydrogen Peroxide Catabolic Process (GO:0042744),0.12321474956792654,8.036437246963562,16.82690539004688,GPX3,0.260816155394255
GO_Biological_Process_2023,Epithelial Cilium Movement Involved In Extracellular Fluid Movement (GO:0003351),0.12321474956792654,8.036437246963562,16.82690539004688,NEK10,0.260816155394255
GO_Biological_Process_2023,Nuclear-Transcribed mRNA poly(A) Tail Shortening (GO:0000289),0.12321474956792654,8.036437246963562,16.82690539004688,SAMD4A,0.260816155394255
GO_Biological_Process_2023,Endothelial Cell Development (GO:0001885),0.12321474956792654,8.036437246963562,16.82690539004688,MYADM,0.260816155394255
GO_Biological_Process_2023,Regulation Of Meiotic Cell Cycle (GO:0051445),0.12321474956792654,8.036437246963562,16.82690539004688,DUSP1,0.260816155394255
GO_Biological_Process_2023,Negative Regulation Of Reproductive Process (GO:2000242),0.12321474956792654,8.036437246963562,16.82690539004688,DUSP1,0.260816155394255
GO_Biological_Process_2023,Striated Muscle Cell Differentiation (GO:0051146),0.12321474956792654,8.036437246963562,16.82690539004688,SORT1,0.260816155394255
Reactome_2022,Regulation Of FZD By Ubiquitination R-HSA-4641263,0.12321474956792654,8.036437246963562,16.82690539004688,FZD8,0.39535092307406644
Reactome_2022,Sema4D Induced Cell Migration And Growth-Cone Collapse R-HSA-416572,0.12321474956792654,8.036437246963562,16.82690539004688,RHOB,0.39535092307406644
Reactome_2022,Class I Peroxisomal Membrane Protein Import R-HSA-9603798,0.12321474956792654,8.036437246963562,16.82690539004688,ALDH3A2,0.39535092307406644
GO_Biological_Process_2023,Regulation Of Reactive Oxygen Species Metabolic Process (GO:2000377),0.05211923851701966,5.689061154177433,16.806744711469648,BRCA1;TGFBR2,0.2257425135455925
GO_Biological_Process_2023,Cellular Response To Peptide (GO:1901653),0.05211923851701966,5.689061154177433,16.806744711469648,VCAM1;ARHGEF2,0.2257425135455925
GO_Biological_Process_2023,post-Golgi Vesicle-Mediated Transport (GO:0006892),0.05211923851701966,5.689061154177433,16.806744711469648,SORT1;STEAP2,0.2257425135455925
GO_Biological_Process_2023,Hemopoiesis (GO:0030097),0.028754172818371428,4.728396045918367,16.780946972269554,ZBTB16;RTKN2;TGFBR2,0.22363226228090882
KEGG_2021_Human,Longevity regulating pathway,0.02948749193176837,4.6803977272727275,16.49273453183364,CREB3L1;IRS2;FOXO3,0.285405077036194
GO_Biological_Process_2023,Myeloid Cell Differentiation (GO:0030099),0.053788686345102185,5.5853417899929525,16.324234464553616,ZBTB16;CFLAR,0.2257425135455925
GO_Biological_Process_2023,Post-Transcriptional Regulation Of Gene Expression (GO:0010608),0.053788686345102185,5.5853417899929525,16.324234464553616,PER1;FOXO3,0.2257425135455925
GO_Biological_Process_2023,Regulation Of Calcium Ion Transport (GO:0051924),0.053788686345102185,5.5853417899929525,16.324234464553616,CACNB2;TRPC6,0.2257425135455925
Reactome_2022,NRAGE Signals Death Thru JNK R-HSA-193648,0.053788686345102185,5.5853417899929525,16.324234464553616,FGD4;ARHGEF2,0.3418421072559001
Reactome_2022,Signal Transduction R-HSA-162582,0.0005248006191058741,2.1266594831967796,16.06157903265354,CRABP2;IRS2;FOXO3;RASGRP2;RND2;AMOT;FGD4;DUSP10;FLRT3;STOM;SOX4;SMAD1;EGR2;PHC2;TRPC6;OMG;FZD8;CFLAR;TEX2;DNM1;TGFBR2;RHOB;ALDH3A2;SLC4A7;ADAM12;PDE5A;ARHGEF2;CENPP;FKBP5;TJP2,0.058515269030304955
KEGG_2021_Human,NF-kappa B signaling pathway,0.030983680458935074,4.587252475247524,15.937466732594128,VCAM1;GADD45B;CFLAR,0.285405077036194
KEGG_2021_Human,Endometrial cancer,0.05547695427659432,5.485326688815061,15.862399605903178,GADD45B;FOXO3,0.33247440838930964
GO_Biological_Process_2023,Regulation Of Bone Mineralization (GO:0030500),0.05547695427659432,5.485326688815061,15.862399605903178,TMEM119;TENT5A,0.2257425135455925
GO_Biological_Process_2023,Lysosomal Transport (GO:0007041),0.031746520663648324,4.542049632352941,15.6699447130307,SORT1;RAB7B;RHOB,0.22363226228090882
GO_Biological_Process_2023,Negative Regulation Of Reactive Oxygen Species Metabolic Process (GO:2000378),0.1289634327739896,7.634230769230769,15.636632865318903,BRCA1,0.26843499710734137
Reactome_2022,Deregulated CDK5 Triggers Neurodegenerative Pathways In Alzheimers Disease Models R-HSA-8862803,0.1289634327739896,7.634230769230769,15.636632865318903,FOXO3,0.4028112382326941
GO_Biological_Process_2023,Macrophage Differentiation (GO:0030225),0.1289634327739896,7.634230769230769,15.636632865318903,LIF,0.26843499710734137
GO_Biological_Process_2023,Regulation Of Transferase Activity (GO:0051338),0.1289634327739896,7.634230769230769,15.636632865318903,LDB2,0.26843499710734137
KEGG_2021_Human,Pantothenate and CoA biosynthesis,0.1289634327739896,7.634230769230769,15.636632865318903,ALDH3A2,0.4087897491703822
GO_Biological_Process_2023,Endocardial Cushion Morphogenesis (GO:0003203),0.1289634327739896,7.634230769230769,15.636632865318903,TGFBR2,0.26843499710734137
GO_Biological_Process_2023,Regulation Of Membrane Protein Ectodomain Proteolysis (GO:0051043),0.1289634327739896,7.634230769230769,15.636632865318903,TIMP4,0.26843499710734137
Reactome_2022,Nitric Oxide Stimulates Guanylate Cyclase R-HSA-392154,0.1289634327739896,7.634230769230769,15.636632865318903,PDE5A,0.4028112382326941
GO_Biological_Process_2023,Chordate Embryonic Development (GO:0043009),0.05718372844200178,5.388820889432885,15.420034932718023,COL1A1;BRCA1,0.2257425135455925
GO_Biological_Process_2023,Glucose Metabolic Process (GO:0006006),0.05718372844200178,5.388820889432885,15.420034932718023,IRS2;GALM,0.2257425135455925
Reactome_2022,RHOQ GTPase Cycle R-HSA-9013406,0.05718372844200178,5.388820889432885,15.420034932718023,SLC4A7;STOM,0.3418421072559001
GO_Biological_Process_2023,Mitotic Cytokinesis (GO:0000281),0.05718372844200178,5.388820889432885,15.420034932718023,CIT;RHOB,0.2257425135455925
GO_Biological_Process_2023,Regulation Of G1/S Transition Of Mitotic Cell Cycle (GO:2000045),0.03251917009995614,4.497724514563107,15.408869170777981,ADAMTS1;JADE1;E2F7,0.22363226228090882
GO_Biological_Process_2023,Central Nervous System Development (GO:0007417),0.010926419908304308,3.3950036101083034,15.333776811679355,ALDH3A2;MARCKS;EGR2;ZBTB16;SOX4;TGFBR2,0.1798752836435939
GO_Biological_Process_2023,Negative Regulation Of Peptidase Activity (GO:0010466),0.05890869820164627,5.2956428762363,14.99602420823152,SERPINA3;TIMP4,0.23070862989076796
GO_Biological_Process_2023,Lipid Transport (GO:0006869),0.034093825756352066,4.411607142857143,14.905227830613795,CRABP2;ACSL1;ABCA4,0.22363226228090882
GO_Biological_Process_2023,Positive Regulation Of Translation (GO:0045727),0.034093825756352066,4.411607142857143,14.905227830613795,SAMD4A;TENT5B;SOX4,0.22363226228090882
KEGG_2021_Human,Hippo signaling pathway,0.022432981702675582,3.904323280344674,14.825586181403075,SMAD1;FZD8;AMOT;TGFBR2,0.285405077036194
KEGG_2021_Human,Glycerolipid metabolism,0.06065155614565862,5.205623439758245,14.589332236245617,ALDH3A2;PNPLA2,0.33247440838930964
Reactome_2022,Signaling By NODAL R-HSA-1181150,0.13467471041580706,7.27032967032967,14.576232777739394,FOXO3,0.4028112382326941
Reactome_2022,Insertion Of Tail-Anchored Proteins Into Endoplasmic Reticulum Membrane R-HSA-9609523,0.13467471041580706,7.27032967032967,14.576232777739394,ALDH3A2,0.4028112382326941
GO_Biological_Process_2023,Negative Regulation Of Cell Communication (GO:0010648),0.13467471041580706,7.27032967032967,14.576232777739394,LIF,0.2752261354679402
GO_Biological_Process_2023,Regulation Of Histone Acetylation (GO:0035065),0.13467471041580706,7.27032967032967,14.576232777739394,BRCA1,0.2752261354679402
GO_Biological_Process_2023,Hexose Transmembrane Transport (GO:0008645),0.13467471041580706,7.27032967032967,14.576232777739394,SLC45A1,0.2752261354679402
GO_Biological_Process_2023,NAD Metabolic Process (GO:0019674),0.13467471041580706,7.27032967032967,14.576232777739394,QPRT,0.2752261354679402
GO_Biological_Process_2023,Acylglycerol Biosynthetic Process (GO:0046463),0.13467471041580706,7.27032967032967,14.576232777739394,PNPLA2,0.2752261354679402
GO_Biological_Process_2023,Regulation Of Release Of Sequestered Calcium Ion Into Cytosol By Sarcoplasmic Reticulum (GO:0010880),0.13467471041580706,7.27032967032967,14.576232777739394,CLIC2,0.2752261354679402
GO_Biological_Process_2023,Placenta Development (GO:0001890),0.13467471041580706,7.27032967032967,14.576232777739394,E2F7,0.2752261354679402
GO_Biological_Process_2023,Dendritic Cell Differentiation (GO:0097028),0.13467471041580706,7.27032967032967,14.576232777739394,TGFBR2,0.2752261354679402
GO_Biological_Process_2023,Negative Regulation Of Myeloid Cell Differentiation (GO:0045638),0.13467471041580706,7.27032967032967,14.576232777739394,ZBTB16,0.2752261354679402
GO_Biological_Process_2023,Positive Regulation Of Protein Autophosphorylation (GO:0031954),0.13467471041580706,7.27032967032967,14.576232777739394,NEK10,0.2752261354679402
GO_Biological_Process_2023,Response To Lipid (GO:0033993),0.03570749475835546,4.328709112149533,14.424967195043887,GPX3;HMGB2;FOXO3,0.22363226228090882
GO_Biological_Process_2023,Regulation Of JNK Cascade (GO:0046328),0.03570749475835546,4.328709112149533,14.424967195043887,PER1;DUSP10;GADD45B,0.22363226228090882
KEGG_2021_Human,cGMP-PKG signaling pathway,0.02425594248937374,3.8077387565818075,14.161336994329018,TRPC6;CREB3L1;IRS2;PDE5A,0.285405077036194
KEGG_2021_Human,Tight junction,0.02520013637652224,3.7612025769506086,13.844632653959438,ARHGEF2;TUBA4A;AMOT;TJP2,0.285405077036194
KEGG_2021_Human,Basal cell carcinoma,0.06418972283713609,5.0344389376032534,13.824127105189065,GADD45B;FZD8,0.33247440838930964
Reactome_2022,Axon Guidance R-HSA-422475,0.007213501262306683,2.800241080038573,13.810231292776555,CACNB2;ABLIM1;TRPC6;FLRT3;SEMA6D;IRS2;LDB2;DNM1;RHOB,0.22265014008199388
Reactome_2022,RAF-independent MAPK1/3 Activation R-HSA-112409,0.14034882405071863,6.939510489510489,13.626591808289202,DUSP10,0.4028112382326941
Reactome_2022,Canonical Retinoid Cycle In Rods (Twilight Vision) R-HSA-2453902,0.14034882405071863,6.939510489510489,13.626591808289202,ABCA4,0.4028112382326941
Reactome_2022,RHOBTB1 GTPase Cycle R-HSA-9013422,0.14034882405071863,6.939510489510489,13.626591808289202,PDE5A,0.4028112382326941
Reactome_2022,Dopamine Neurotransmitter Release Cycle R-HSA-212676,0.14034882405071863,6.939510489510489,13.626591808289202,SYN2,0.4028112382326941
Reactome_2022,Post-chaperonin Tubulin Folding Pathway R-HSA-389977,0.14034882405071863,6.939510489510489,13.626591808289202,TUBA4A,0.4028112382326941
GO_Biological_Process_2023,Negative Regulation Of Epidermal Growth Factor Receptor Signaling Pathway (GO:0042059),0.14034882405071863,6.939510489510489,13.626591808289202,ERRFI1,0.27920721811151816
GO_Biological_Process_2023,Long-Chain fatty-acyl-CoA Metabolic Process (GO:0035336),0.14034882405071863,6.939510489510489,13.626591808289202,ACSL1,0.27920721811151816
GO_Biological_Process_2023,Negative Regulation Of Actin Filament Polymerization (GO:0030837),0.14034882405071863,6.939510489510489,13.626591808289202,MYADM,0.27920721811151816
GO_Biological_Process_2023,Protein Localization To Cell Junction (GO:1902414),0.14034882405071863,6.939510489510489,13.626591808289202,TJP2,0.27920721811151816
GO_Biological_Process_2023,Regulation Of Cell Junction Assembly (GO:1901888),0.14034882405071863,6.939510489510489,13.626591808289202,PDLIM5,0.27920721811151816
GO_Biological_Process_2023,Regulation Of Cardiac Muscle Hypertrophy (GO:0010611),0.14034882405071863,6.939510489510489,13.626591808289202,LMCD1,0.27920721811151816
GO_Biological_Process_2023,Long-Chain Fatty Acid Transport (GO:0015909),0.14034882405071863,6.939510489510489,13.626591808289202,ACSL1,0.27920721811151816
GO_Biological_Process_2023,Regulation Of Axon Extension Involved In Axon Guidance (GO:0048841),0.14034882405071863,6.939510489510489,13.626591808289202,SEMA6D,0.27920721811151816
GO_Biological_Process_2023,Artery Development (GO:0060840),0.14034882405071863,6.939510489510489,13.626591808289202,TGFBR2,0.27920721811151816
GO_Biological_Process_2023,Negative Regulation Of Protein Depolymerization (GO:1901880),0.14034882405071863,6.939510489510489,13.626591808289202,ARHGEF2,0.27920721811151816
GO_Biological_Process_2023,Regulation Of Interleukin-4 Production (GO:0032673),0.14034882405071863,6.939510489510489,13.626591808289202,DDIT3,0.27920721811151816
GO_Biological_Process_2023,Negative Regulation Of Protein Tyrosine Kinase Activity (GO:0061099),0.14034882405071863,6.939510489510489,13.626591808289202,ERRFI1,0.27920721811151816
GO_Biological_Process_2023,Diacylglycerol Metabolic Process (GO:0046339),0.14034882405071863,6.939510489510489,13.626591808289202,PNPLA2,0.27920721811151816
GO_Biological_Process_2023,Regulation Of Toll-Like Receptor 4 Signaling Pathway (GO:0034143),0.14034882405071863,6.939510489510489,13.626591808289202,RAB7B,0.27920721811151816
GO_Biological_Process_2023,Positive Regulation Of Morphogenesis Of An Epithelium (GO:1905332),0.14034882405071863,6.939510489510489,13.626591808289202,LIF,0.27920721811151816
GO_Biological_Process_2023,Heart Development (GO:0007507),0.026166271875112626,3.715781036352492,13.53764571076734,FLRT3;PDLIM5;SOX4;TGFBR2,0.22363226228090882
GO_Biological_Process_2023,Negative Regulation Of Canonical Wnt Signaling Pathway (GO:0090090),0.0390511781129319,4.171875,13.528899319160576,DDIT3;JADE1;TBX18,0.22363226228090882
Reactome_2022,Signaling By NTRK1 (TRKA) R-HSA-187037,0.0390511781129319,4.171875,13.528899319160576,EGR2;IRS2;DNM1,0.3418421072559001
Reactome_2022,Semaphorin Interactions R-HSA-373755,0.06598443261380274,4.952988247061765,13.463888410474983,SEMA6D;RHOB,0.34186500254868935
GO_Biological_Process_2023,Response To Metal Ion (GO:0010038),0.06598443261380274,4.952988247061765,13.463888410474983,IMPA2;MT1X,0.23473671437857563
GO_Biological_Process_2023,Cell-Cell Adhesion Via Plasma-Membrane Adhesion Molecules (GO:0098742),0.026657596375574532,3.6934758155230596,13.387672080640135,VCAM1;FLRT3;NEXN;TGFBR2,0.22363226228090882
Reactome_2022,FOXO-mediated Transcription R-HSA-9614085,0.06779583253668175,4.874123292727944,13.117506503123318,DDIT3;FOXO3,0.34186500254868935
GO_Biological_Process_2023,Negative Regulation Of Endopeptidase Activity (GO:0010951),0.06962363089243005,4.797722868217054,12.784258213722426,SERPINA3;TIMP4,0.23473671437857563
Reactome_2022,Signaling By Erythropoietin R-HSA-9006335,0.14598601360501082,6.637458193979933,12.77209215219812,IRS2,0.4028112382326941
GO_Biological_Process_2023,Lipid Translocation (GO:0034204),0.14598601360501082,6.637458193979933,12.77209215219812,ABCA4,0.28339944610022827
GO_Biological_Process_2023,Positive Regulation Of Vascular Endothelial Growth Factor Production (GO:0010575),0.14598601360501082,6.637458193979933,12.77209215219812,BRCA1,0.28339944610022827
Reactome_2022,Estrogen-dependent Nuclear Events Downstream Of ESR-membrane Signaling R-HSA-9634638,0.14598601360501082,6.637458193979933,12.77209215219812,FOXO3,0.4028112382326941
Reactome_2022,Growth Hormone Receptor Signaling R-HSA-982772,0.14598601360501082,6.637458193979933,12.77209215219812,IRS2,0.4028112382326941
Reactome_2022,Interleukin-6 Family Signaling R-HSA-6783589,0.14598601360501082,6.637458193979933,12.77209215219812,LIF,0.4028112382326941
Reactome_2022,Impaired BRCA2 Binding To PALB2 R-HSA-9709603,0.14598601360501082,6.637458193979933,12.77209215219812,BRCA1,0.4028112382326941
GO_Biological_Process_2023,Multivesicular Body Sorting Pathway (GO:0071985),0.14598601360501082,6.637458193979933,12.77209215219812,SORT1,0.28339944610022827
GO_Biological_Process_2023,Positive Regulation Of p38MAPK Cascade (GO:1900745),0.14598601360501082,6.637458193979933,12.77209215219812,GADD45B,0.28339944610022827
Reactome_2022,Sema4D In Semaphorin Signaling R-HSA-400685,0.14598601360501082,6.637458193979933,12.77209215219812,RHOB,0.4028112382326941
Reactome_2022,Synthesis Of Very Long-Chain Fatty acyl-CoAs R-HSA-75876,0.14598601360501082,6.637458193979933,12.77209215219812,ACSL1,0.4028112382326941
GO_Biological_Process_2023,Negative Regulation Of Ion Transmembrane Transporter Activity (GO:0032413),0.14598601360501082,6.637458193979933,12.77209215219812,SLC6A9,0.28339944610022827
GO_Biological_Process_2023,Regulation Of Ryanodine-Sensitive Calcium-Release Channel Activity (GO:0060314),0.14598601360501082,6.637458193979933,12.77209215219812,CLIC2,0.28339944610022827
GO_Biological_Process_2023,Acylglycerol Catabolic Process (GO:0046464),0.14598601360501082,6.637458193979933,12.77209215219812,PNPLA2,0.28339944610022827
GO_Biological_Process_2023,Regulation Of Microtubule Depolymerization (GO:0031114),0.14598601360501082,6.637458193979933,12.77209215219812,ARHGEF2,0.28339944610022827
GO_Biological_Process_2023,Regulation Of Heterotypic Cell-Cell Adhesion (GO:0034114),0.14598601360501082,6.637458193979933,12.77209215219812,MYADM,0.28339944610022827
GO_Biological_Process_2023,Neuromuscular Junction Development (GO:0007528),0.14598601360501082,6.637458193979933,12.77209215219812,CACNB2,0.28339944610022827
GO_Biological_Process_2023,Outflow Tract Septum Morphogenesis (GO:0003148),0.14598601360501082,6.637458193979933,12.77209215219812,TGFBR2,0.28339944610022827
GO_Biological_Process_2023,Response To Hexose (GO:0009746),0.14598601360501082,6.637458193979933,12.77209215219812,IRS2,0.28339944610022827
GO_Biological_Process_2023,Endosome Transport Via Multivesicular Body Sorting Pathway (GO:0032509),0.14598601360501082,6.637458193979933,12.77209215219812,SORT1,0.28339944610022827
Reactome_2022,RUNX2 Regulates Osteoblast Differentiation R-HSA-8940973,0.14598601360501082,6.637458193979933,12.77209215219812,COL1A1,0.4028112382326941
Reactome_2022,Defective Intrinsic Pathway For Apoptosis R-HSA-9734009,0.14598601360501082,6.637458193979933,12.77209215219812,FOXO3,0.4028112382326941
GO_Biological_Process_2023,Cellular Response To Tumor Necrosis Factor (GO:0071356),0.04344687305653342,3.9910425646551726,12.516773129755968,BRCA1;ARHGEF2;FOXO3,0.22363226228090882
KEGG_2021_Human,Glycolysis / Gluconeogenesis,0.07146753897988421,4.723673225998807,12.463468172750613,ALDH3A2;GALM,0.33247440838930964
KEGG_2021_Human,AMPK signaling pathway,0.0443545467089488,3.956730769230769,12.327353205026585,CREB3L1;IRS2;FOXO3,0.33247440838930964
GO_Biological_Process_2023,Positive Regulation Of DNA-binding Transcription Factor Activity (GO:0051091),0.023054858615828892,3.231904103273398,12.183886587444404,DDIT3;RTKN2;CFLAR;ARHGEF2;RAB7B,0.22363226228090882
KEGG_2021_Human,Mitophagy,0.0733272711525333,4.651867512332629,12.154504990895889,RAB7B;FOXO3,0.33247440838930964
GO_Biological_Process_2023,Cell-Cell Junction Organization (GO:0045216),0.0733272711525333,4.651867512332629,12.154504990895889,MYADM;TJP2,0.2361620069039045
GO_Biological_Process_2023,Regulation Of Synapse Organization (GO:0050807),0.15158651755223743,6.360576923076923,11.999856434705961,PDLIM5,0.28349957691965866
GO_Biological_Process_2023,Regulation Of Postsynapse Organization (GO:0099175),0.15158651755223743,6.360576923076923,11.999856434705961,PDLIM5,0.28349957691965866
GO_Biological_Process_2023,Inner Ear Morphogenesis (GO:0042472),0.15158651755223743,6.360576923076923,11.999856434705961,TBX18,0.28349957691965866
GO_Biological_Process_2023,fatty-acyl-CoA Biosynthetic Process (GO:0046949),0.15158651755223743,6.360576923076923,11.999856434705961,ACSL1,0.28349957691965866
GO_Biological_Process_2023,Positive Regulation Of Glucose Import (GO:0046326),0.15158651755223743,6.360576923076923,11.999856434705961,IRS2,0.28349957691965866
GO_Biological_Process_2023,Cardiac Conduction System Development (GO:0003161),0.15158651755223743,6.360576923076923,11.999856434705961,TBX18,0.28349957691965866
Reactome_2022,Interleukin-7 Signaling R-HSA-1266695,0.15158651755223743,6.360576923076923,11.999856434705961,IRS2,0.4028112382326941
Reactome_2022,TRP Channels R-HSA-3295583,0.15158651755223743,6.360576923076923,11.999856434705961,TRPC6,0.4028112382326941
Reactome_2022,Gap Junction Trafficking R-HSA-190828,0.15158651755223743,6.360576923076923,11.999856434705961,DNM1,0.4028112382326941
Reactome_2022,Defective HDR Thru Homologous Recombination (HRR) Due To BRCA1 Loss-Of-Function R-HSA-9701192,0.15158651755223743,6.360576923076923,11.999856434705961,BRCA1,0.4028112382326941
GO_Biological_Process_2023,Cellular Response To Hexose Stimulus (GO:0071331),0.15158651755223743,6.360576923076923,11.999856434705961,SOX4,0.28349957691965866
GO_Biological_Process_2023,Mitotic Cell Cycle Checkpoint Signaling (GO:0007093),0.15158651755223743,6.360576923076923,11.999856434705961,BRCA1,0.28349957691965866
GO_Biological_Process_2023,Regulation Of Cell Cycle Phase Transition (GO:1901987),0.15158651755223743,6.360576923076923,11.999856434705961,NEK10,0.28349957691965866
GO_Biological_Process_2023,Negative Regulation Of Response To Endoplasmic Reticulum Stress (GO:1903573),0.15158651755223743,6.360576923076923,11.999856434705961,CREB3L1,0.28349957691965866
GO_Biological_Process_2023,Regulation Of Keratinocyte Proliferation (GO:0010837),0.15158651755223743,6.360576923076923,11.999856434705961,KLF9,0.28349957691965866
GO_Biological_Process_2023,Negative Regulation Of Lipid Biosynthetic Process (GO:0051055),0.15158651755223743,6.360576923076923,11.999856434705961,BRCA1,0.28349957691965866
GO_Biological_Process_2023,Regulation Of Glycogen Biosynthetic Process (GO:0005979),0.15158651755223743,6.360576923076923,11.999856434705961,IRS2,0.28349957691965866
GO_Biological_Process_2023,Regulation Of Hippo Signaling (GO:0035330),0.15158651755223743,6.360576923076923,11.999856434705961,CIT,0.28349957691965866
GO_Biological_Process_2023,Regulation Of Myelination (GO:0031641),0.15158651755223743,6.360576923076923,11.999856434705961,EGR2,0.28349957691965866
GO_Biological_Process_2023,Myotube Differentiation (GO:0014902),0.15158651755223743,6.360576923076923,11.999856434705961,SORT1,0.28349957691965866
GO_Biological_Process_2023,Regulation Of Chondrocyte Differentiation (GO:0032330),0.15158651755223743,6.360576923076923,11.999856434705961,ZBTB16,0.28349957691965866
GO_Biological_Process_2023,Regulation Of Endopeptidase Activity (GO:0052548),0.07520254475472479,4.582205252805739,11.856777802654413,SERPINA3;TIMP4,0.2361620069039045
KEGG_2021_Human,Amphetamine addiction,0.07520254475472479,4.582205252805739,11.856777802654413,MAOA;CREB3L1,0.33247440838930964
KEGG_2021_Human,Adipocytokine signaling pathway,0.07520254475472479,4.582205252805739,11.856777802654413,ACSL1;IRS2,0.33247440838930964
GO_Biological_Process_2023,Regulation Of Cellular Biosynthetic Process (GO:0031326),0.07709308009174126,4.514591883264934,11.569733125204282,JADE1;FOXO3,0.23805665390966257
GO_Biological_Process_2023,Negative Regulation Of Epithelial Cell Proliferation (GO:0050680),0.07709308009174126,4.514591883264934,11.569733125204282,DUSP10;KLF9,0.23805665390966257
GO_Biological_Process_2023,Negative Regulation Of Cell Growth (GO:0030308),0.04903388173313684,3.793609118852459,11.43865620787306,JADE1;CCN3;BRCA1,0.2257425135455925
GO_Biological_Process_2023,Negative Regulation Of Protein Polymerization (GO:0032272),0.15715057276342775,6.105846153846154,11.29917891851374,MYADM,0.2881521105809018
GO_Biological_Process_2023,Regulation Of Keratinocyte Differentiation (GO:0045616),0.15715057276342775,6.105846153846154,11.29917891851374,ERRFI1,0.2881521105809018
Reactome_2022,Formation Of Tubulin Folding Intermediates By CCT/TriC R-HSA-389960,0.15715057276342775,6.105846153846154,11.29917891851374,TUBA4A,0.4028112382326941
Reactome_2022,Downregulation Of TGF-beta Receptor Signaling R-HSA-2173788,0.15715057276342775,6.105846153846154,11.29917891851374,TGFBR2,0.4028112382326941
Reactome_2022,Constitutive Signaling By AKT1 E17K In Cancer R-HSA-5674400,0.15715057276342775,6.105846153846154,11.29917891851374,FOXO3,0.4028112382326941
Reactome_2022,Caspase Activation Via Extrinsic Apoptotic Signaling Pathway R-HSA-5357769,0.15715057276342775,6.105846153846154,11.29917891851374,CFLAR,0.4028112382326941
Reactome_2022,Platelet Calcium Homeostasis R-HSA-418360,0.15715057276342775,6.105846153846154,11.29917891851374,TRPC6,0.4028112382326941
GO_Biological_Process_2023,Regulation Of Epidermal Growth Factor-Activated Receptor Activity (GO:0007176),0.15715057276342775,6.105846153846154,11.29917891851374,ERRFI1,0.2881521105809018
GO_Biological_Process_2023,L-amino Acid Transport (GO:0015807),0.15715057276342775,6.105846153846154,11.29917891851374,SLC6A9,0.2881521105809018
GO_Biological_Process_2023,Regulation Of Fatty Acid Biosynthetic Process (GO:0042304),0.15715057276342775,6.105846153846154,11.29917891851374,BRCA1,0.2881521105809018
GO_Biological_Process_2023,Protein Export From Nucleus (GO:0006611),0.15715057276342775,6.105846153846154,11.29917891851374,EGR2,0.2881521105809018
GO_Biological_Process_2023,Regulation Of Vascular Endothelial Growth Factor Production (GO:0010574),0.15715057276342775,6.105846153846154,11.29917891851374,BRCA1,0.2881521105809018
GO_Biological_Process_2023,Regulation Of Myeloid Cell Differentiation (GO:0045637),0.15715057276342775,6.105846153846154,11.29917891851374,ZBTB16,0.2881521105809018
GO_Biological_Process_2023,Cardiac Muscle Cell Development (GO:0055013),0.15715057276342775,6.105846153846154,11.29917891851374,PDLIM5,0.2881521105809018
Reactome_2022,trans-Golgi Network Vesicle Budding R-HSA-199992,0.07899860044153495,4.448938321536906,11.292851999442588,SORT1;AP1M1,0.36168390324634475
GO_Biological_Process_2023,Negative Regulation Of Supramolecular Fiber Organization (GO:1902904),0.07899860044153495,4.448938321536906,11.292851999442588,MYADM;ARHGEF2,0.23912295982842025
GO_Biological_Process_2023,Kidney Development (GO:0001822),0.07899860044153495,4.448938321536906,11.292851999442588,ZBTB16;SOX4,0.23912295982842025
GO_Biological_Process_2023,Myeloid Leukocyte Differentiation (GO:0002573),0.07899860044153495,4.448938321536906,11.292851999442588,LIF;TGFBR2,0.23912295982842025
GO_Biological_Process_2023,Response To Ionizing Radiation (GO:0010212),0.08091883196264348,4.38516057585825,11.025647392290939,BRCA1;RHOB,0.23912295982842025
KEGG_2021_Human,Non-small cell lung cancer,0.08091883196264348,4.38516057585825,11.025647392290939,GADD45B;FOXO3,0.3379531712690833
KEGG_2021_Human,Relaxin signaling pathway,0.052944466133585305,3.6724330357142856,10.791487529456399,COL1A1;CREB3L1;TGFBR2,0.33247440838930964
GO_Biological_Process_2023,Monocarboxylic Acid Transport (GO:0015718),0.08285350374808254,4.3231793863958945,10.76766181968016,CRABP2;ACSL1,0.2412625342301678
Reactome_2022,RHOC GTPase Cycle R-HSA-9013106,0.08285350374808254,4.3231793863958945,10.76766181968016,STOM;TJP2,0.362281006584753
GO_Biological_Process_2023,Regulation Of Cell Differentiation (GO:0045595),0.038263043130774464,3.2795900512435945,10.702190384447203,SLC6A6;CEBPD;LIF;TENT5C,0.22363226228090882
GO_Biological_Process_2023,Regulation Of SMAD Protein Signal Transduction (GO:0060390),0.16267841463048652,5.870710059171597,10.661091720478288,CCN3,0.293500061066881
GO_Biological_Process_2023,Chaperone Cofactor-Dependent Protein Refolding (GO:0051085),0.16267841463048652,5.870710059171597,10.661091720478288,DNAJB4,0.293500061066881
Reactome_2022,Integrin Signaling R-HSA-354192,0.16267841463048652,5.870710059171597,10.661091720478288,RASGRP2,0.40533280963797197
Reactome_2022,Gap Junction Trafficking And Regulation R-HSA-157858,0.16267841463048652,5.870710059171597,10.661091720478288,DNM1,0.40533280963797197
GO_Biological_Process_2023,Positive Regulation Of Mitotic Cell Cycle (GO:0045931),0.16267841463048652,5.870710059171597,10.661091720478288,ASNS,0.293500061066881
GO_Biological_Process_2023,Negative Regulation Of NIK/NF-kappaB Signaling (GO:1901223),0.16267841463048652,5.870710059171597,10.661091720478288,CCN3,0.293500061066881
Reactome_2022,Signaling By BMP R-HSA-201451,0.16267841463048652,5.870710059171597,10.661091720478288,SMAD1,0.40533280963797197
Reactome_2022,Resolution Of D-loop Structures Thru Synthesis-Dependent Strand Annealing (SDSA) R-HSA-5693554,0.16267841463048652,5.870710059171597,10.661091720478288,BRCA1,0.40533280963797197
Reactome_2022,Role Of Nef In HIV-1 Replication And Disease Pathogenesis R-HSA-164952,0.16267841463048652,5.870710059171597,10.661091720478288,AP1M1,0.40533280963797197
GO_Biological_Process_2023,Positive Regulation Of Lymphocyte Proliferation (GO:0050671),0.08480234774984241,4.262919896640827,10.51846518312765,VCAM1;IRS2,0.2434135844145295
Reactome_2022,"Cell Death Signaling Via NRAGE, NRIF And NADE R-HSA-204998",0.08480234774984241,4.262919896640827,10.51846518312765,FGD4;ARHGEF2,0.3630911280104566
GO_Biological_Process_2023,Positive Regulation Of Protein Metabolic Process (GO:0051247),0.04012340950709556,3.2278543307086616,10.380118904465855,SLC6A9;SAMD4A;TENT5B;SOX4,0.22363226228090882
GO_Biological_Process_2023,Negative Regulation Of Transcription By RNA Polymerase II (GO:0000122),0.011682291553365084,2.3303080673758867,10.369127825606784,PER1;PER3;ZBTB16;DNAJB4;DDIT3;HMGB2;LDB2;FOXO3;E2F7;SOX4;SAP30,0.1798752836435939
Reactome_2022,Signaling By NTRKs R-HSA-166520,0.05597335612442229,3.5864825581395348,10.339396990028497,EGR2;IRS2;DNM1,0.3418421072559001
GO_Biological_Process_2023,Epithelial Cell Differentiation (GO:0030855),0.05597335612442229,3.5864825581395348,10.339396990028497,TST;ANXA4;E2F7,0.2257425135455925
GO_Biological_Process_2023,Negative Regulation Of Phosphorylation (GO:0042326),0.08676509873259489,4.2043113518105555,10.277652789970434,MYADM;IRS2,0.2434135844145295
KEGG_2021_Human,Thyroid hormone synthesis,0.08676509873259489,4.2043113518105555,10.277652789970434,GPX3;CREB3L1,0.3379531712690833
GO_Biological_Process_2023,Regulation Of Cell Population Proliferation (GO:0042127),0.012002231947560341,2.3206843267108166,10.263603896178145,TSC22D1;ADAMTS1;RTKN2;LIF;HMGB2;IRS2;ARHGEF2;TENT5B;E2F7;SOX4;TGFBR2,0.18031425966712372
GO_Biological_Process_2023,Regulation Of Bone Resorption (GO:0045124),0.16817027705325713,5.652991452991453,10.078030260645932,TMEM119,0.2948882861277083
GO_Biological_Process_2023,Negative Regulation Of G2/M Transition Of Mitotic Cell Cycle (GO:0010972),0.16817027705325713,5.652991452991453,10.078030260645932,BRCA1,0.2948882861277083
GO_Biological_Process_2023,Negative Regulation Of Type II Interferon Production (GO:0032689),0.16817027705325713,5.652991452991453,10.078030260645932,DDIT3,0.2948882861277083
GO_Biological_Process_2023,"Regulation Of DNA Damage Response, Signal Transduction By P53 Class Mediator (GO:0043516)",0.16817027705325713,5.652991452991453,10.078030260645932,SOX4,0.2948882861277083
GO_Biological_Process_2023,Diterpenoid Metabolic Process (GO:0016101),0.16817027705325713,5.652991452991453,10.078030260645932,ALDH3A2,0.2948882861277083
GO_Biological_Process_2023,Cellular Response To Osmotic Stress (GO:0071470),0.16817027705325713,5.652991452991453,10.078030260645932,ARHGEF2,0.2948882861277083
GO_Biological_Process_2023,Regulation Of Cardiac Muscle Cell Action Potential (GO:0098901),0.16817027705325713,5.652991452991453,10.078030260645932,TBX18,0.2948882861277083
GO_Biological_Process_2023,Negative Regulation Of Cytoskeleton Organization (GO:0051494),0.16817027705325713,5.652991452991453,10.078030260645932,MYADM,0.2948882861277083
GO_Biological_Process_2023,Negative Regulation Of Signaling (GO:0023057),0.16817027705325713,5.652991452991453,10.078030260645932,LIF,0.2948882861277083
GO_Biological_Process_2023,Regulation Of Glucose Metabolic Process (GO:0010906),0.16817027705325713,5.652991452991453,10.078030260645932,IRS2,0.2948882861277083
Reactome_2022,"Adrenaline,noradrenaline Inhibits Insulin Secretion R-HSA-400042",0.16817027705325713,5.652991452991453,10.078030260645932,CACNB2,0.40985761511340263
Reactome_2022,Recycling Pathway Of L1 R-HSA-437239,0.16817027705325713,5.652991452991453,10.078030260645932,DNM1,0.40985761511340263
Reactome_2022,Prefoldin Mediated Transfer Of Substrate To CCT/TriC R-HSA-389957,0.16817027705325713,5.652991452991453,10.078030260645932,TUBA4A,0.40985761511340263
Reactome_2022,Molecules Associated With Elastic Fibres R-HSA-2129379,0.16817027705325713,5.652991452991453,10.078030260645932,MFAP4,0.40985761511340263
GO_Biological_Process_2023,Negative Regulation Of Cation Channel Activity (GO:2001258),0.16817027705325713,5.652991452991453,10.078030260645932,CLIC2,0.2948882861277083
GO_Biological_Process_2023,Positive Regulation Of Protein Secretion (GO:0050714),0.0887414943260991,4.147286821705427,10.044843536296465,IRS2;SOX4,0.24447411672190045
KEGG_2021_Human,Chronic myeloid leukemia,0.0887414943260991,4.147286821705427,10.044843536296465,GADD45B;TGFBR2,0.3379531712690833
Reactome_2022,SUMOylation Of DNA Damage Response And Repair Proteins R-HSA-3108214,0.0887414943260991,4.147286821705427,10.044843536296465,PHC2;BRCA1,0.3631073988022036
KEGG_2021_Human,Pancreatic cancer,0.0887414943260991,4.147286821705427,10.044843536296465,GADD45B;TGFBR2,0.3379531712690833
GO_Biological_Process_2023,Positive Regulation Of Interleukin-6 Production (GO:0032755),0.0887414943260991,4.147286821705427,10.044843536296465,ARHGEF2;RAB7B,0.24447411672190045
Reactome_2022,Interferon Signaling R-HSA-913531,0.04268301995234657,3.161336975735176,9.970711706714203,MT2A;VCAM1;SAMHD1;TRIM45,0.3418421072559001
Reactome_2022,Regulation Of Insulin Secretion R-HSA-422356,0.09073127492468111,4.091782945736434,9.819678248913744,CACNB2;MARCKS,0.3673697623103704
GO_Biological_Process_2023,Regulation Of Translation (GO:0006417),0.04399673634067604,3.1290861369601526,9.774138063534098,SAMD4A;FOXO3;TENT5B;SOX4,0.22363226228090882
KEGG_2021_Human,Autophagy,0.061201116232082825,3.451784048507463,9.642868884179663,IRS2;CFLAR;RAB7B,0.33247440838930964
GO_Biological_Process_2023,Regulation Of Transcription By RNA Polymerase II (GO:0006357),0.006253022765043401,1.8974415812321048,9.628928367635396,EGR2;CEBPD;ZBTB16;ANXA4;JADE1;LIF;HMGB2;BRCA1;LDB2;FOXO3;TBX18;SAP30;PER1;DBP;PER3;CREB3L1;DNAJB4;DDIT3;KLF9;ZNF821;ARHGEF2;E2F7;SOX4,0.1597363088161087
GO_Biological_Process_2023,Nervous System Development (GO:0007399),0.02403366907047003,2.5764993184915945,9.605961259528723,ALDH3A2;MARCKS;EGR2;FLRT3;ZBTB16;LDB2;SOX4,0.22363226228090882
Reactome_2022,Oncogenic MAPK Signaling R-HSA-6802957,0.09273418368153259,4.037739698082415,9.601818159344294,DUSP10;AGTRAP,0.3673697623103704
KEGG_2021_Human,Synaptic vesicle cycle,0.09273418368153259,4.037739698082415,9.601818159344294,SLC6A9;DNM1,0.33868136648907554
GO_Biological_Process_2023,Positive Regulation Of B Cell Proliferation (GO:0030890),0.17362639240121513,5.4508241758241756,9.543572555804772,IRS2,0.29840376920331163
Reactome_2022,Regulation Of Necroptotic Cell Death R-HSA-5675482,0.17362639240121513,5.4508241758241756,9.543572555804772,CFLAR,0.41190090963266995
GO_Biological_Process_2023,Maintenance Of Blood-Brain Barrier (GO:0035633),0.17362639240121513,5.4508241758241756,9.543572555804772,TJP2,0.29840376920331163
Reactome_2022,Surfactant Metabolism R-HSA-5683826,0.17362639240121513,5.4508241758241756,9.543572555804772,LMCD1,0.41190090963266995
GO_Biological_Process_2023,Response To Alcohol (GO:0097305),0.17362639240121513,5.4508241758241756,9.543572555804772,TGFBR2,0.29840376920331163
Reactome_2022,"FOXO-mediated Transcription Of Oxidative Stress, Metabolic And Neuronal Genes R-HSA-9615017",0.17362639240121513,5.4508241758241756,9.543572555804772,FOXO3,0.41190090963266995
Reactome_2022,Peroxisomal Lipid Metabolism R-HSA-390918,0.17362639240121513,5.4508241758241756,9.543572555804772,ALDH3A2,0.41190090963266995
GO_Biological_Process_2023,Chondrocyte Differentiation (GO:0002062),0.17362639240121513,5.4508241758241756,9.543572555804772,CCN3,0.29840376920331163
GO_Biological_Process_2023,Lipid Droplet Organization (GO:0034389),0.17362639240121513,5.4508241758241756,9.543572555804772,PNPLA2,0.29840376920331163
GO_Biological_Process_2023,Regulation Of Neuron Migration (GO:2001222),0.17362639240121513,5.4508241758241756,9.543572555804772,ARHGEF2,0.29840376920331163
GO_Biological_Process_2023,Morphogenesis Of An Epithelium (GO:0002009),0.17362639240121513,5.4508241758241756,9.543572555804772,TBX18,0.29840376920331163
Reactome_2022,EGR2 And SOX10-mediated Initiation Of Schwann Cell Myelination R-HSA-9619665,0.17362639240121513,5.4508241758241756,9.543572555804772,EGR2,0.41190090963266995
GO_Biological_Process_2023,Heterotypic Cell-Cell Adhesion (GO:0034113),0.17362639240121513,5.4508241758241756,9.543572555804772,VCAM1,0.29840376920331163
GO_Biological_Process_2023,Regulation Of Voltage-Gated Calcium Channel Activity (GO:1901385),0.17362639240121513,5.4508241758241756,9.543572555804772,CACNB2,0.29840376920331163
GO_Biological_Process_2023,Regulation Of Angiogenesis (GO:0045765),0.0460096769036023,3.0819132683041484,9.48891366296364,ADAMTS1;BRCA1;AMOT;RHOB,0.2257425135455925
GO_Biological_Process_2023,Response To Insulin (GO:0032868),0.09474996654171976,3.9851001711466827,9.39094350043163,SORT1;IRS2,0.25127656427535006
KEGG_2021_Human,Fluid shear stress and atherosclerosis,0.06335411183596336,3.400677849264706,9.382522786705474,VCAM1;DUSP1;ARHGEF2,0.33247440838930964
GO_Biological_Process_2023,Regulation Of Canonical Wnt Signaling Pathway (GO:0060828),0.04737985758754148,3.0512392847445793,9.304931433133556,COL1A1;DDIT3;JADE1;SOX4,0.2257425135455925
GO_Biological_Process_2023,Regulation Of Apoptotic Process (GO:0042981),0.01764098837220419,2.280040430465545,9.205732094776053,GADD45B;TSC22D1;ANXA4;ASNS;CFLAR;FOXO3;TENT5B;PHLDA1;SOX4;RHOB,0.22279180820626415
GO_Biological_Process_2023,Regulation Of Cytokinesis (GO:0032465),0.09677837209693288,3.933810375670841,9.186752223207284,E2F7;CIT,0.25127656427535006
GO_Biological_Process_2023,Intrinsic Apoptotic Signaling Pathway In Response To Endoplasmic Reticulum Stress (GO:0070059),0.17904699159160314,5.262599469496021,9.052234105349967,DDIT3,0.30308557010385834
GO_Biological_Process_2023,Negative Regulation Of Calcium Ion Transmembrane Transporter Activity (GO:1901020),0.17904699159160314,5.262599469496021,9.052234105349967,CLIC2,0.30308557010385834
KEGG_2021_Human,beta-Alanine metabolism,0.17904699159160314,5.262599469496021,9.052234105349967,ALDH3A2,0.46946404661341545
KEGG_2021_Human,Ascorbate and aldarate metabolism,0.17904699159160314,5.262599469496021,9.052234105349967,ALDH3A2,0.46946404661341545
GO_Biological_Process_2023,Mitotic G2 DNA Damage Checkpoint Signaling (GO:0007095),0.17904699159160314,5.262599469496021,9.052234105349967,BRCA1,0.30308557010385834
GO_Biological_Process_2023,Negative Regulation Of Axon Extension (GO:0030517),0.17904699159160314,5.262599469496021,9.052234105349967,SEMA6D,0.30308557010385834
Reactome_2022,Transcriptional Regulation Of Pluripotent Stem Cells R-HSA-452723,0.17904699159160314,5.262599469496021,9.052234105349967,TSC22D1,0.41754724667973464
GO_Biological_Process_2023,Extrinsic Apoptotic Signaling Pathway Via Death Domain Receptors (GO:0008625),0.17904699159160314,5.262599469496021,9.052234105349967,SORT1,0.30308557010385834
GO_Biological_Process_2023,Embryonic Skeletal System Morphogenesis (GO:0048704),0.17904699159160314,5.262599469496021,9.052234105349967,TGFBR2,0.30308557010385834
GO_Biological_Process_2023,Artery Morphogenesis (GO:0048844),0.17904699159160314,5.262599469496021,9.052234105349967,TGFBR2,0.30308557010385834
GO_Biological_Process_2023,DNA Geometric Change (GO:0032392),0.17904699159160314,5.262599469496021,9.052234105349967,HMGB2,0.30308557010385834
GO_Biological_Process_2023,Regulation Of Dendritic Spine Morphogenesis (GO:0061001),0.17904699159160314,5.262599469496021,9.052234105349967,PDLIM5,0.30308557010385834
Reactome_2022,Downstream Signaling Of Activated FGFR1 R-HSA-5654687,0.17904699159160314,5.262599469496021,9.052234105349967,FLRT3,0.41754724667973464
GO_Biological_Process_2023,Regulation Of Interleukin-8 Production (GO:0032677),0.09881915169852733,3.8838190560298305,8.988958804776345,ANXA4;DDIT3,0.25127656427535006
GO_Biological_Process_2023,Cytoskeleton-Dependent Cytokinesis (GO:0061640),0.09881915169852733,3.8838190560298305,8.988958804776345,CIT;RHOB,0.25127656427535006
GO_Biological_Process_2023,Negative Regulation Of NF-kappaB Transcription Factor Activity (GO:0032088),0.09881915169852733,3.8838190560298305,8.988958804776345,ANXA4;DDIT3,0.25127656427535006
KEGG_2021_Human,Signaling pathways regulating pluripotency of stem cells,0.06776428031374217,3.3028459821428573,8.890336791481847,SMAD1;LIF;FZD8,0.33247440838930964
GO_Biological_Process_2023,Sodium Ion Transmembrane Transport (GO:0035725),0.10087205933893145,3.835077519379845,8.797293159072808,SLC6A6;SLC6A9,0.25127656427535006
GO_Biological_Process_2023,Negative Regulation Of Apoptotic Signaling Pathway (GO:2001234),0.10087205933893145,3.835077519379845,8.797293159072808,RTKN2;CFLAR,0.25127656427535006
GO_Biological_Process_2023,Regulation Of Epithelial To Mesenchymal Transition (GO:0010717),0.10293685164162227,3.787539477461958,8.611499627484111,COL1A1;TGFBR2,0.25127656427535006
GO_Biological_Process_2023,Vascular Transport (GO:0010232),0.10293685164162227,3.787539477461958,8.611499627484111,SLC6A6;SLC6A9,0.25127656427535006
GO_Biological_Process_2023,Regulation Of NIK/NF-kappaB Signaling (GO:1901222),0.10293685164162227,3.787539477461958,8.611499627484111,RTKN2;CCN3,0.25127656427535006
Reactome_2022,Platelet Homeostasis R-HSA-418346,0.10293685164162227,3.787539477461958,8.611499627484111,TRPC6;PDE5A,0.38258196526802946
Reactome_2022,Metalloprotease DUBs R-HSA-5689901,0.18443230402669894,5.086923076923077,8.599305090496161,BRCA1,0.41754724667973464
Reactome_2022,Sealing Of Nuclear Envelope (NE) By ESCRT-III R-HSA-9668328,0.18443230402669894,5.086923076923077,8.599305090496161,TUBA4A,0.41754724667973464
Reactome_2022,Transferrin Endocytosis And Recycling R-HSA-917977,0.18443230402669894,5.086923076923077,8.599305090496161,STEAP2,0.41754724667973464
GO_Biological_Process_2023,Negative Chemotaxis (GO:0050919),0.18443230402669894,5.086923076923077,8.599305090496161,SEMA6D,0.30575502909440944
GO_Biological_Process_2023,Negative Regulation Of Chemotaxis (GO:0050922),0.18443230402669894,5.086923076923077,8.599305090496161,SEMA6D,0.30575502909440944
KEGG_2021_Human,Galactose metabolism,0.18443230402669894,5.086923076923077,8.599305090496161,GALM,0.46946404661341545
GO_Biological_Process_2023,Positive Regulation Of Glucose Transmembrane Transport (GO:0010828),0.18443230402669894,5.086923076923077,8.599305090496161,IRS2,0.30575502909440944
GO_Biological_Process_2023,Phospholipid Translocation (GO:0045332),0.18443230402669894,5.086923076923077,8.599305090496161,ABCA4,0.30575502909440944
GO_Biological_Process_2023,Negative Regulation Of Developmental Growth (GO:0048640),0.18443230402669894,5.086923076923077,8.599305090496161,DUSP10,0.30575502909440944
GO_Biological_Process_2023,Negative Regulation Of Microtubule Polymerization Or Depolymerization (GO:0031111),0.18443230402669894,5.086923076923077,8.599305090496161,ARHGEF2,0.30575502909440944
GO_Biological_Process_2023,Regulation Of Gluconeogenesis (GO:0006111),0.18443230402669894,5.086923076923077,8.599305090496161,NNMT,0.30575502909440944
GO_Biological_Process_2023,Regulation Of Response To Biotic Stimulus (GO:0002831),0.18443230402669894,5.086923076923077,8.599305090496161,SAMHD1,0.30575502909440944
GO_Biological_Process_2023,Leukocyte Cell-Cell Adhesion (GO:0007159),0.18443230402669894,5.086923076923077,8.599305090496161,VCAM1,0.30575502909440944
GO_Biological_Process_2023,Presynaptic Endocytosis (GO:0140238),0.18443230402669894,5.086923076923077,8.599305090496161,DNM1,0.30575502909440944
Reactome_2022,RIPK1-mediated Regulated Necrosis R-HSA-5213460,0.18443230402669894,5.086923076923077,8.599305090496161,CFLAR,0.41754724667973464
GO_Biological_Process_2023,Positive Regulation Of G1/S Transition Of Mitotic Cell Cycle (GO:1900087),0.18443230402669894,5.086923076923077,8.599305090496161,ADAMTS1,0.30575502909440944
Reactome_2022,Extracellular Matrix Organization R-HSA-1474244,0.042764722342389726,2.717143967143967,8.564551254019733,COL1A1;MFAP4;VCAM1;ADAMTS1;ADAM12,0.3418421072559001
GO_Biological_Process_2023,Positive Regulation Of Cellular Catabolic Process (GO:0031331),0.07116162645561322,3.2330638111888113,8.544346084201106,IRS2;FOXO3;PNPLA2,0.2361620069039045
KEGG_2021_Human,Breast cancer,0.0723109150252191,3.21044921875,8.433144417401762,GADD45B;FZD8;BRCA1,0.33247440838930964
Reactome_2022,Transcriptional Regulation Of White Adipocyte Differentiation R-HSA-381340,0.10501328789186029,3.741160899981093,8.431336045283201,EGR2;CEBPD,0.3834215884500716
GO_Biological_Process_2023,Negative Regulation Of DNA-templated Transcription (GO:0045892),0.01701733640331465,2.0528321162993235,8.362258155497978,ZBTB16;HMGB2;BRCA1;LDB2;FOXO3;SAP30;PER1;PER3;CREB3L1;DNAJB4;DDIT3;E2F7;SOX4,0.22279180820626415
GO_Biological_Process_2023,Transport Across Blood-Brain Barrier (GO:0150104),0.10710112995119657,3.695899878584104,8.256572882844548,SLC6A6;SLC6A9,0.25184449804423625
GO_Biological_Process_2023,Positive Regulation Of Canonical Wnt Signaling Pathway (GO:0090263),0.10710112995119657,3.695899878584104,8.256572882844548,COL1A1;SOX4,0.25184449804423625
GO_Biological_Process_2023,Regulation Of Osteoblast Differentiation (GO:0045667),0.10710112995119657,3.695899878584104,8.256572882844548,TMEM119;TENT5A,0.25184449804423625
GO_Biological_Process_2023,Regulation Of Kinase Activity (GO:0043549),0.10710112995119657,3.695899878584104,8.256572882844548,IRS2;LDB2,0.25184449804423625
GO_Biological_Process_2023,Epidermis Development (GO:0008544),0.10710112995119657,3.695899878584104,8.256572882844548,ALDH3A2;CRABP2,0.25184449804423625
KEGG_2021_Human,Gastric cancer,0.07463446416859025,3.1661494006849313,8.2166417745814,GADD45B;FZD8;TGFBR2,0.33247440838930964
Reactome_2022,CDC42 GTPase Cycle R-HSA-9013148,0.07463446416859025,3.1661494006849313,8.2166417745814,FGD4;EGR2;STOM,0.356091965570051
GO_Biological_Process_2023,Intracellular pH Reduction (GO:0051452),0.18978255763675178,4.922580645161291,8.18072008774948,SLC4A7,0.31186490465454536
GO_Biological_Process_2023,Regulation Of Calcium Ion Transmembrane Transporter Activity (GO:1901019),0.18978255763675178,4.922580645161291,8.18072008774948,CACNB2,0.31186490465454536
GO_Biological_Process_2023,Glycosphingolipid Metabolic Process (GO:0006687),0.18978255763675178,4.922580645161291,8.18072008774948,ST8SIA1,0.31186490465454536
GO_Biological_Process_2023,Mesenchymal Cell Migration (GO:0090497),0.18978255763675178,4.922580645161291,8.18072008774948,SEMA6D,0.31186490465454536
GO_Biological_Process_2023,Very Long-Chain Fatty Acid Metabolic Process (GO:0000038),0.18978255763675178,4.922580645161291,8.18072008774948,ACSL1,0.31186490465454536
Reactome_2022,Phase 0 - Rapid Depolarisation R-HSA-5576892,0.18978255763675178,4.922580645161291,8.18072008774948,CACNB2,0.41876187017803124
Reactome_2022,GPVI-mediated Activation Cascade R-HSA-114604,0.18978255763675178,4.922580645161291,8.18072008774948,RHOB,0.41876187017803124
GO_Biological_Process_2023,'De Novo' Post-Translational Protein Folding (GO:0051084),0.18978255763675178,4.922580645161291,8.18072008774948,DNAJB4,0.31186490465454536
GO_Biological_Process_2023,Negative Regulation Of Cell Population Proliferation (GO:0008285),0.038750716833433944,2.5088686327077747,8.15534349197471,DUSP10;ADAMTS1;CCN3;TENT5B;E2F7;SOX4,0.22363226228090882
GO_Biological_Process_2023,Regulation Of Cell Cycle (GO:0051726),0.04652544768821167,2.6512812178341187,8.133483476531449,GADD45B;JADE1;BRCA1;TENT5B;RHOB,0.2257425135455925
GO_Biological_Process_2023,Negative Regulation Of Angiogenesis (GO:0016525),0.10920014225785252,3.65171650055371,8.086992447879068,CREB3L1;AMOT,0.2524006290029889
KEGG_2021_Human,Colorectal cancer,0.10920014225785252,3.65171650055371,8.086992447879068,GADD45B;TGFBR2,0.3744004877412086
Reactome_2022,"Transport Of Bile Salts And Organic Acids, Metal Ions And Amine Compounds R-HSA-425366",0.10920014225785252,3.65171650055371,8.086992447879068,SLC6A6;SLC6A9,0.38363515636180573
GO_Biological_Process_2023,Positive Regulation Of Transcription By RNA Polymerase II (GO:0045944),0.020292741864117204,2.062870936711618,8.040022973913787,PER1;EGR2;DBP;DDIT3;LIF;HMGB2;ARHGEF2;BRCA1;LDB2;FOXO3;E2F7;SOX4,0.22363226228090882
GO_Biological_Process_2023,Positive Regulation Of Nucleic Acid-Templated Transcription (GO:1903508),0.030336713470604373,2.288862232884624,8.000481345074851,COL1A1;EGR2;ZBTB16;DDIT3;HMGB2;BRCA1;FOXO3;SOX4,0.22363226228090882
Reactome_2022,Plasma Lipoprotein Remodeling R-HSA-8963899,0.1950979789430415,4.768509615384615,7.792953006521877,TRNP1,0.41876187017803124
Reactome_2022,Amino Acid Transport Across Plasma Membrane R-HSA-352230,0.1950979789430415,4.768509615384615,7.792953006521877,SLC6A6,0.41876187017803124
Reactome_2022,Resolution Of D-loop Structures Thru Holliday Junction Intermediates R-HSA-5693568,0.1950979789430415,4.768509615384615,7.792953006521877,BRCA1,0.41876187017803124
Reactome_2022,Cooperation Of Prefoldin And TriC/CCT In Actin And Tubulin Folding R-HSA-389958,0.1950979789430415,4.768509615384615,7.792953006521877,TUBA4A,0.41876187017803124
GO_Biological_Process_2023,Negative Regulation Of Epithelial Cell Migration (GO:0010633),0.1950979789430415,4.768509615384615,7.792953006521877,DUSP10,0.31291560648196143
GO_Biological_Process_2023,Regulation Of Sprouting Angiogenesis (GO:1903670),0.1950979789430415,4.768509615384615,7.792953006521877,CREB3L1,0.31291560648196143
GO_Biological_Process_2023,Positive Regulation Of DNA Binding (GO:0043388),0.1950979789430415,4.768509615384615,7.792953006521877,HMGB2,0.31291560648196143
GO_Biological_Process_2023,Signal Transduction By P53 Class Mediator (GO:0072331),0.1950979789430415,4.768509615384615,7.792953006521877,E2F7,0.31291560648196143
GO_Biological_Process_2023,Positive Regulation Of Notch Signaling Pathway (GO:0045747),0.1950979789430415,4.768509615384615,7.792953006521877,CCN3,0.31291560648196143
GO_Biological_Process_2023,Positive Regulation Of Reproductive Process (GO:2000243),0.1950979789430415,4.768509615384615,7.792953006521877,LHFPL2,0.31291560648196143
GO_Biological_Process_2023,Positive Regulation Of Small Molecule Metabolic Process (GO:0062013),0.1950979789430415,4.768509615384615,7.792953006521877,IRS2,0.31291560648196143
GO_Biological_Process_2023,Lung Development (GO:0030324),0.1950979789430415,4.768509615384615,7.792953006521877,ERRFI1,0.31291560648196143
GO_Biological_Process_2023,Protein K63-linked Deubiquitination (GO:0070536),0.1950979789430415,4.768509615384615,7.792953006521877,BRCA1,0.31291560648196143
GO_Biological_Process_2023,Regulation Of Cell Adhesion Mediated By Integrin (GO:0033628),0.1950979789430415,4.768509615384615,7.792953006521877,LIF,0.31291560648196143
GO_Biological_Process_2023,Epithelial Tube Morphogenesis (GO:0060562),0.1950979789430415,4.768509615384615,7.792953006521877,RHOB,0.31291560648196143
GO_Biological_Process_2023,Positive Regulation Of Ion Transmembrane Transporter Activity (GO:0032414),0.1950979789430415,4.768509615384615,7.792953006521877,TRPC6,0.31291560648196143
GO_Biological_Process_2023,Vasculogenesis (GO:0001570),0.1950979789430415,4.768509615384615,7.792953006521877,TGFBR2,0.31291560648196143
GO_Biological_Process_2023,Regulation Of Type I Interferon-Mediated Signaling Pathway (GO:0060338),0.1950979789430415,4.768509615384615,7.792953006521877,SAMHD1,0.31291560648196143
Reactome_2022,Sialic Acid Metabolism R-HSA-4085001,0.1950979789430415,4.768509615384615,7.792953006521877,ST8SIA1,0.41876187017803124
Reactome_2022,Signaling By WNT In Cancer R-HSA-4791275,0.1950979789430415,4.768509615384615,7.792953006521877,FZD8,0.41876187017803124
GO_Biological_Process_2023,Regulation Of DNA-templated Transcription (GO:0006355),0.013408488303696649,1.8044474200181722,7.78053785575444,EGR2;CRABP2;BNC2;CEBPD;ZBTB16;ANXA4;JADE1;HMGB2;BRCA1;FOXO3;TBX18;SAP30;COL1A1;PER1;DBP;CREB3L1;DDIT3;KLF9;ZNF821;E2F7;SOX4,0.18864642476342133
GO_Biological_Process_2023,Positive Regulation Of Multicellular Organismal Process (GO:0051240),0.04217829635248601,2.4551811023622045,7.772733852269923,COL1A1;ACSL1;ZBTB16;TMEM119;SAP30;TGFBR2,0.22363226228090882
GO_Biological_Process_2023,Epithelium Development (GO:0060429),0.08058671369815434,3.060533940397351,7.707714432636084,ERRFI1;TST;ANXA4,0.23912295982842025
GO_Biological_Process_2023,Regulation Of Cell Growth (GO:0001558),0.06231529794738292,2.774760778221108,7.701482645263267,JADE1;CCN3;BRCA1;RASGRP2,0.23215839111086592
GO_Biological_Process_2023,Sodium Ion Transport (GO:0006814),0.11556188328560123,3.5252606255012027,7.607333016908918,SLC6A6;SLC6A9,0.2562903719821579
GO_Biological_Process_2023,Cellular Response To Cytokine Stimulus (GO:0071345),0.05223039907356766,2.5624705327675623,7.564645161968964,MT2A;DUSP1;MT1X;ARHGEF2;BRCA1,0.2257425135455925
KEGG_2021_Human,Cellular senescence,0.0830239113610387,3.020220588235294,7.51620136619876,GADD45B;FOXO3;TGFBR2,0.3379531712690833
GO_Biological_Process_2023,Regulation Of Metal Ion Transport (GO:0010959),0.2003787929533847,4.623776223776224,7.432931766422354,PER1,0.31456112189888885
GO_Biological_Process_2023,Regulation Of Interleukin-17 Production (GO:0032660),0.2003787929533847,4.623776223776224,7.432931766422354,DDIT3,0.31456112189888885
GO_Biological_Process_2023,Cellular Response To Glucose Stimulus (GO:0071333),0.2003787929533847,4.623776223776224,7.432931766422354,SOX4,0.31456112189888885
GO_Biological_Process_2023,Histone Deubiquitination (GO:0016578),0.2003787929533847,4.623776223776224,7.432931766422354,BRCA1,0.31456112189888885
GO_Biological_Process_2023,Embryonic Skeletal System Development (GO:0048706),0.2003787929533847,4.623776223776224,7.432931766422354,COL1A1,0.31456112189888885
Reactome_2022,Metabolic Disorders Of Biological Oxidation Enzymes R-HSA-5579029,0.2003787929533847,4.623776223776224,7.432931766422354,MAOA,0.41876187017803124
Reactome_2022,Transcriptional Regulation By E2F6 R-HSA-8953750,0.2003787929533847,4.623776223776224,7.432931766422354,BRCA1,0.41876187017803124
GO_Biological_Process_2023,Regulation Of calcineurin-NFAT Signaling Cascade (GO:0070884),0.2003787929533847,4.623776223776224,7.432931766422354,LMCD1,0.31456112189888885
GO_Biological_Process_2023,Negative Regulation Of Cell Cycle Process (GO:0010948),0.2003787929533847,4.623776223776224,7.432931766422354,E2F7,0.31456112189888885
GO_Biological_Process_2023,Cellular Response To Amyloid-Beta (GO:1904646),0.2003787929533847,4.623776223776224,7.432931766422354,VCAM1,0.31456112189888885
GO_Biological_Process_2023,Glial Cell Differentiation (GO:0010001),0.2003787929533847,4.623776223776224,7.432931766422354,EGR2,0.31456112189888885
GO_Biological_Process_2023,Response To Estrogen (GO:0043627),0.2003787929533847,4.623776223776224,7.432931766422354,BRCA1,0.31456112189888885
GO_Biological_Process_2023,Positive Regulation Of Carbohydrate Metabolic Process (GO:0045913),0.2003787929533847,4.623776223776224,7.432931766422354,IRS2,0.31456112189888885
GO_Biological_Process_2023,Cellular Response To Hydrogen Peroxide (GO:0070301),0.2003787929533847,4.623776223776224,7.432931766422354,RHOB,0.31456112189888885
GO_Biological_Process_2023,Semaphorin-Plexin Signaling Pathway (GO:0071526),0.2003787929533847,4.623776223776224,7.432931766422354,SEMA6D,0.31456112189888885
Reactome_2022,Detoxification Of Reactive Oxygen Species R-HSA-3299685,0.2003787929533847,4.623776223776224,7.432931766422354,GPX3,0.41876187017803124
GO_Biological_Process_2023,Regulation Of DNA Biosynthetic Process (GO:2000278),0.2003787929533847,4.623776223776224,7.432931766422354,JADE1,0.31456112189888885
Reactome_2022,Lysosome Vesicle Biogenesis R-HSA-432720,0.2003787929533847,4.623776223776224,7.432931766422354,AP1M1,0.41876187017803124
Reactome_2022,Resolution Of D-Loop Structures R-HSA-5693537,0.2003787929533847,4.623776223776224,7.432931766422354,BRCA1,0.41876187017803124
GO_Biological_Process_2023,Negative Regulation Of Multicellular Organismal Process (GO:0051241),0.06556870426084355,2.7253113184640467,7.425537923473689,DUSP10;DDIT3;TBX18;SAP30,0.23473671437857563
GO_Biological_Process_2023,Positive Regulation Of Cell Population Proliferation (GO:0008284),0.03987802631876388,2.2999288425047437,7.410209334459609,TSC22D1;RTKN2;TMEM119;LIF;IRS2;SOX4;TGFBR2,0.22363226228090882
Reactome_2022,Hemostasis R-HSA-109582,0.03591138403972073,2.210122523760449,7.352416654289109,SERPINA3;TRPC6;ENDOD1;PDE5A;LHFPL2;RASGRP2;TUBA4A;RHOB,0.3418421072559001
Reactome_2022,Developmental Biology R-HSA-1266738,0.02376803988818567,1.9548848736808442,7.3101228144607955,EGR2;TRPC6;TSC22D1;CEBPD;SEMA6D;IRS2;LDB2;FOXO3;DNM1;RHOB;CACNB2;ABLIM1;FLRT3,0.3418421072559001
GO_Biological_Process_2023,Lymphocyte Differentiation (GO:0030098),0.11985469048679306,3.445692883895131,7.309951939897533,VCAM1;SOX4,0.26057383386296984
GO_Biological_Process_2023,Positive Regulation Of Binding (GO:0051099),0.11985469048679306,3.445692883895131,7.309951939897533,HMGB2;CLIC2,0.26057383386296984
GO_Biological_Process_2023,Positive Regulation Of Developmental Process (GO:0051094),0.0672282266513895,2.701234398101984,7.29242007426,SLC6A6;ZBTB16;TMEM119;SAP30,0.23473671437857563
GO_Biological_Process_2023,Platelet Aggregation (GO:0070527),0.2056252232488539,4.487556561085973,7.097968534671513,RAP2B,0.31967185467733306
GO_Biological_Process_2023,Endoderm Formation (GO:0001706),0.2056252232488539,4.487556561085973,7.097968534671513,DUSP1,0.31967185467733306
GO_Biological_Process_2023,Regulation Of Sodium Ion Transport (GO:0002028),0.2056252232488539,4.487556561085973,7.097968534671513,PER1,0.31967185467733306
GO_Biological_Process_2023,Positive Regulation Of Substrate Adhesion-Dependent Cell Spreading (GO:1900026),0.2056252232488539,4.487556561085973,7.097968534671513,MYADM,0.31967185467733306
GO_Biological_Process_2023,Skeletal Muscle Organ Development (GO:0060538),0.2056252232488539,4.487556561085973,7.097968534671513,CFLAR,0.31967185467733306
Reactome_2022,Impaired BRCA2 Binding To RAD51 R-HSA-9709570,0.2056252232488539,4.487556561085973,7.097968534671513,BRCA1,0.41876187017803124
GO_Biological_Process_2023,One-Carbon Compound Transport (GO:0019755),0.2056252232488539,4.487556561085973,7.097968534671513,SLC4A7,0.31967185467733306
GO_Biological_Process_2023,Liver Development (GO:0001889),0.2056252232488539,4.487556561085973,7.097968534671513,E2F7,0.31967185467733306
Reactome_2022,RUNX1 Interacts With Co-Factors Whose Precise Effect On RUNX1 Targets Is Not Known R-HSA-8939243,0.2056252232488539,4.487556561085973,7.097968534671513,PHC2,0.41876187017803124
Reactome_2022,RHOBTB GTPase Cycle R-HSA-9706574,0.2056252232488539,4.487556561085973,7.097968534671513,PDE5A,0.41876187017803124
Reactome_2022,Regulation Of TNFR1 Signaling R-HSA-5357905,0.2056252232488539,4.487556561085973,7.097968534671513,CFLAR,0.41876187017803124
Reactome_2022,Nucleotide Catabolism R-HSA-8956319,0.2056252232488539,4.487556561085973,7.097968534671513,SAMHD1,0.41876187017803124
GO_Biological_Process_2023,Protein O-linked Glycosylation (GO:0006493),0.12418673901548176,3.369622625436579,7.028927955553716,EOGT;GXYLT2,0.2623795012281983
KEGG_2021_Human,Hepatitis B,0.09052317087564732,2.905365566037736,6.9791222362831675,EGR2;CREB3L1;TGFBR2,0.3379531712690833
GO_Biological_Process_2023,Vesicle Organization (GO:0016050),0.12636693487251843,3.3328277721604316,6.894172289267867,SORT1;DNM1,0.2664848682865117
KEGG_2021_Human,TGF-beta signaling pathway,0.12636693487251843,3.3328277721604316,6.894172289267867,SMAD1;TGFBR2,0.40826240497275185
GO_Biological_Process_2023,Positive Regulation Of Cellular Process (GO:0048522),0.0417992949047387,2.1402369655095868,6.794986564972657,SLC6A6;EGR2;TSC22D1;RTKN2;LIF;IRS2;SOX4;TGFBR2,0.22363226228090882
GO_Biological_Process_2023,Neural Crest Cell Migration (GO:0001755),0.21083749200989477,4.359120879120879,6.785702334197538,SEMA6D,0.32463197399879684
GO_Biological_Process_2023,Negative Regulation Of Protein Kinase B Signaling (GO:0051898),0.21083749200989477,4.359120879120879,6.785702334197538,DDIT3,0.32463197399879684
GO_Biological_Process_2023,"DNA Damage Response, Signal Transduction By P53 Class Mediator (GO:0030330)",0.21083749200989477,4.359120879120879,6.785702334197538,E2F7,0.32463197399879684
GO_Biological_Process_2023,Regulation Of Glucose Import (GO:0046324),0.21083749200989477,4.359120879120879,6.785702334197538,IRS2,0.32463197399879684
Reactome_2022,Platelet Aggregation (Plug Formation) R-HSA-76009,0.21083749200989477,4.359120879120879,6.785702334197538,RASGRP2,0.4274250974382412
KEGG_2021_Human,Tyrosine metabolism,0.21083749200989477,4.359120879120879,6.785702334197538,MAOA,0.4838754367330798
GO_Biological_Process_2023,Recombinational Repair (GO:0000725),0.12855629313111225,3.2968242060515127,6.763066905881875,BRCA1;SAMHD1,0.26843499710734137
GO_Biological_Process_2023,Vesicle-Mediated Transport (GO:0016192),0.05358527665711922,2.3068444444444443,6.750936293303117,SORT1;RAB7B;STEAP2;DNM1;RHOB;AP1M1,0.2257425135455925
KEGG_2021_Human,Circadian entrainment,0.13296165510056274,3.227090983272134,6.5112837274429,PER1;PER3,0.4136584825350841
Reactome_2022,Cytokine Signaling In Immune System R-HSA-1280215,0.041430169653407706,2.0413029593357463,6.498989984518208,MT2A;VCAM1;CEBPD;MAOA;LIF;IRS2;FOXO3;SAMHD1;TRIM45,0.3418421072559001
Reactome_2022,HDR Thru Single Strand Annealing (SSA) R-HSA-5685938,0.2160158199701249,4.237820512820512,6.49405155144787,BRCA1,0.42819135869633645
Reactome_2022,Defective B3GALTL Causes PpS R-HSA-5083635,0.2160158199701249,4.237820512820512,6.49405155144787,ADAMTS1,0.42819135869633645
KEGG_2021_Human,"Alanine, aspartate and glutamate metabolism",0.2160158199701249,4.237820512820512,6.49405155144787,ASNS,0.4838754367330798
KEGG_2021_Human,Thyroid cancer,0.2160158199701249,4.237820512820512,6.49405155144787,GADD45B,0.4838754367330798
KEGG_2021_Human,African trypanosomiasis,0.2160158199701249,4.237820512820512,6.49405155144787,VCAM1,0.4838754367330798
GO_Biological_Process_2023,Negative Regulation Of Transferase Activity (GO:0051348),0.2160158199701249,4.237820512820512,6.49405155144787,IRS2,0.330342560063157
GO_Biological_Process_2023,Aortic Valve Morphogenesis (GO:0003180),0.2160158199701249,4.237820512820512,6.49405155144787,TGFBR2,0.330342560063157
Reactome_2022,Fatty acyl-CoA Biosynthesis R-HSA-75105,0.2160158199701249,4.237820512820512,6.49405155144787,ACSL1,0.42819135869633645
GO_Biological_Process_2023,Muscle Tissue Development (GO:0060537),0.2160158199701249,4.237820512820512,6.49405155144787,CFLAR,0.330342560063157
GO_Biological_Process_2023,Muscle Cell Differentiation (GO:0042692),0.2160158199701249,4.237820512820512,6.49405155144787,TBX18,0.330342560063157
Reactome_2022,FLT3 Signaling R-HSA-9607240,0.2160158199701249,4.237820512820512,6.49405155144787,FOXO3,0.42819135869633645
Reactome_2022,NCAM1 Interactions R-HSA-419037,0.2160158199701249,4.237820512820512,6.49405155144787,CACNB2,0.42819135869633645
GO_Biological_Process_2023,Double-Strand Break Repair (GO:0006302),0.09829502852315362,2.7988636363636363,6.492753001688623,HMGB2;BRCA1;SAMHD1,0.25127656427535006
KEGG_2021_Human,Hepatocellular carcinoma,0.09829502852315362,2.7988636363636363,6.492753001688623,GADD45B;FZD8;TGFBR2,0.35135244238063423
Reactome_2022,Transport Of Small Molecules R-HSA-382551,0.042689860521173954,2.029164804666369,6.399567472392632,SLC4A7;SLC6A6;TRPC6;SLC6A9;ABCA4;TRNP1;STOM;CLIC2;STEAP2,0.3418421072559001
Reactome_2022,Response Of EIF2AK4 (GCN2) To Amino Acid Deficiency R-HSA-9633012,0.13517724372537995,3.193313953488372,6.3903591192759075,DDIT3;ASNS,0.4028112382326941
KEGG_2021_Human,Parkinson disease,0.08127925009589325,2.5227703679897155,6.33181184219844,DUSP1;MAOA;DDIT3;TUBA4A,0.3379531712690833
Reactome_2022,Diseases Of Signal Transduction By Growth Factor Receptors And Second Messengers R-HSA-5663202,0.06047882962931466,2.2336076555023925,6.266301174078983,DUSP10;FZD8;AGTRAP;IRS2;FOXO3;TGFBR2,0.3418421072559001
Reactome_2022,HSP90 Chaperone Cycle For Steroid Hormone Receptors (SHR) In Presence Of Ligand R-HSA-3371497,0.22116042647143752,4.123076923076923,6.221174415676765,FKBP5,0.42885891394026576
GO_Biological_Process_2023,Tumor Necrosis Factor-Mediated Signaling Pathway (GO:0033209),0.22116042647143752,4.123076923076923,6.221174415676765,FOXO3,0.33547141613211306
GO_Biological_Process_2023,Import Into Cell (GO:0098657),0.22116042647143752,4.123076923076923,6.221174415676765,SLC6A6,0.33547141613211306
GO_Biological_Process_2023,Positive Regulation Of Myoblast Differentiation (GO:0045663),0.22116042647143752,4.123076923076923,6.221174415676765,SOX4,0.33547141613211306
GO_Biological_Process_2023,Signal Release From Synapse (GO:0099643),0.22116042647143752,4.123076923076923,6.221174415676765,SYN2,0.33547141613211306
GO_Biological_Process_2023,Connective Tissue Development (GO:0061448),0.22116042647143752,4.123076923076923,6.221174415676765,ZBTB16,0.33547141613211306
Reactome_2022,Apoptotic Cleavage Of Cellular Proteins R-HSA-111465,0.22116042647143752,4.123076923076923,6.221174415676765,TJP2,0.42885891394026576
Reactome_2022,O-glycosylation Of TSR Domain-Containing Proteins R-HSA-5173214,0.22116042647143752,4.123076923076923,6.221174415676765,ADAMTS1,0.42885891394026576
GO_Biological_Process_2023,Heart Looping (GO:0001947),0.22116042647143752,4.123076923076923,6.221174415676765,TGFBR2,0.33547141613211306
GO_Biological_Process_2023,Generation Of Neurons (GO:0048699),0.1036219294471277,2.7320636094674557,6.193605407441259,FZD8;CFLAR;CIT,0.25127656427535006
GO_Biological_Process_2023,Positive Regulation Of DNA-templated Transcription (GO:0045893),0.03317686436143422,1.8148310418448743,6.1811375871437715,EGR2;ZBTB16;LIF;HMGB2;BRCA1;LDB2;FOXO3;COL1A1;PER1;DBP;DDIT3;ARHGEF2;E2F7;SOX4,0.22363226228090882
GO_Biological_Process_2023,Neuron Differentiation (GO:0030182),0.10497135663348564,2.7158547794117647,6.121720699131513,FZD8;CFLAR;SOX4,0.25127656427535006
KEGG_2021_Human,Melanogenesis,0.14187319763049208,3.0960770495654217,6.046086121411167,CREB3L1;FZD8,0.42414282838469053
Reactome_2022,Ion Channel Transport R-HSA-983712,0.1076910625712075,2.684002543604651,5.981269292884308,TRPC6;STOM;CLIC2,0.38363515636180573
GO_Biological_Process_2023,Fibroblast Growth Factor Receptor Signaling Pathway (GO:0008543),0.22627152937982042,4.014372469635627,5.965435944563848,FLRT3,0.3391055986972242
GO_Biological_Process_2023,Positive Regulation Of Intrinsic Apoptotic Signaling Pathway (GO:2001244),0.22627152937982042,4.014372469635627,5.965435944563848,DDIT3,0.3391055986972242
Reactome_2022,Elastic Fibre Formation R-HSA-1566948,0.22627152937982042,4.014372469635627,5.965435944563848,MFAP4,0.4331206098858365
GO_Biological_Process_2023,Odontogenesis (GO:0042476),0.22627152937982042,4.014372469635627,5.965435944563848,COL1A1,0.3391055986972242
GO_Biological_Process_2023,Positive Regulation Of Cytokinesis (GO:0032467),0.22627152937982042,4.014372469635627,5.965435944563848,CIT,0.3391055986972242
GO_Biological_Process_2023,Regulation Of Protein Tyrosine Kinase Activity (GO:0061097),0.22627152937982042,4.014372469635627,5.965435944563848,RAP2B,0.3391055986972242
GO_Biological_Process_2023,"Nuclear-Transcribed mRNA Catabolic Process, Deadenylation-Dependent Decay (GO:0000288)",0.22627152937982042,4.014372469635627,5.965435944563848,SAMD4A,0.3391055986972242
GO_Biological_Process_2023,Negative Regulation Of Protein Secretion (GO:0050709),0.22627152937982042,4.014372469635627,5.965435944563848,CCN3,0.3391055986972242
GO_Biological_Process_2023,Histone H4 Acetylation (GO:0043967),0.22627152937982042,4.014372469635627,5.965435944563848,JADE1,0.3391055986972242
GO_Biological_Process_2023,Neuron Projection Extension (GO:1990138),0.22627152937982042,4.014372469635627,5.965435944563848,FLRT3,0.3391055986972242
Reactome_2022,NGF-stimulated Transcription R-HSA-9031628,0.22627152937982042,4.014372469635627,5.965435944563848,EGR2,0.4331206098858365
KEGG_2021_Human,Chagas disease,0.1441209130081196,3.0649612403100774,5.937144565478081,CFLAR;TGFBR2,0.42414282838469053
KEGG_2021_Human,Amoebiasis,0.1441209130081196,3.0649612403100774,5.937144565478081,COL1A1;RAB7B,0.42414282838469053
GO_Biological_Process_2023,Positive Regulation Of Hydrolase Activity (GO:0051345),0.10906122896377023,2.6683526011560694,5.912657959835746,HMGB2;RGL1;RASGRP2,0.2524006290029889
GO_Biological_Process_2023,Extracellular Matrix Organization (GO:0030198),0.10906122896377023,2.6683526011560694,5.912657959835746,COL1A1;ADAMTS1;CREB3L1,0.2524006290029889
Reactome_2022,Apoptosis R-HSA-109581,0.11182190656285818,2.6375892857142857,5.778556666091388,HMGB2;CFLAR;TJP2,0.38363515636180573
Reactome_2022,Transport Of Inorganic Cations/Anions And Amino Acids/Oligopeptides R-HSA-425393,0.14863876559715294,3.004559963520292,5.727401293824905,SLC4A7;SLC6A6,0.4028112382326941
GO_Biological_Process_2023,Positive Regulation Of Vasculature Development (GO:1904018),0.14863876559715294,3.004559963520292,5.727401293824905,BRCA1;RHOB,0.28349957691965866
Reactome_2022,MHC Class II Antigen Presentation R-HSA-2132295,0.14863876559715294,3.004559963520292,5.727401293824905,DNM1;AP1M1,0.4028112382326941
GO_Biological_Process_2023,Negative Regulation Of Cell-Cell Adhesion (GO:0022408),0.23134934524843717,3.911242603550296,5.725380155504451,MYADM,0.3417038949530136
GO_Biological_Process_2023,Water-Soluble Vitamin Metabolic Process (GO:0006767),0.23134934524843717,3.911242603550296,5.725380155504451,NNMT,0.3417038949530136
GO_Biological_Process_2023,Positive Regulation Of Stem Cell Population Maintenance (GO:1902459),0.23134934524843717,3.911242603550296,5.725380155504451,SAP30,0.3417038949530136
GO_Biological_Process_2023,Synaptic Vesicle Endocytosis (GO:0048488),0.23134934524843717,3.911242603550296,5.725380155504451,DNM1,0.3417038949530136
KEGG_2021_Human,"Glycine, serine and threonine metabolism",0.23134934524843717,3.911242603550296,5.725380155504451,MAOA,0.4906008948721915
Reactome_2022,Presynaptic Phase Of Homologous DNA Pairing And Strand Exchange R-HSA-5693616,0.23134934524843717,3.911242603550296,5.725380155504451,BRCA1,0.4390715233225659
GO_Biological_Process_2023,Positive Regulation Of Myeloid Leukocyte Differentiation (GO:0002763),0.23134934524843717,3.911242603550296,5.725380155504451,LIF,0.3417038949530136
GO_Biological_Process_2023,Negative Regulation Of Secretion By Cell (GO:1903531),0.23134934524843717,3.911242603550296,5.725380155504451,LIF,0.3417038949530136
GO_Biological_Process_2023,Endothelial Cell Migration (GO:0043542),0.23134934524843717,3.911242603550296,5.725380155504451,CCN3,0.3417038949530136
GO_Biological_Process_2023,Positive Regulation Of Cell Cycle G1/S Phase Transition (GO:1902808),0.23134934524843717,3.911242603550296,5.725380155504451,ADAMTS1,0.3417038949530136
GO_Biological_Process_2023,Aortic Valve Development (GO:0003176),0.23134934524843717,3.911242603550296,5.725380155504451,TGFBR2,0.3417038949530136
GO_Biological_Process_2023,Regulation Of Cytosolic Calcium Ion Concentration (GO:0051480),0.23134934524843717,3.911242603550296,5.725380155504451,TRPC6,0.3417038949530136
GO_Biological_Process_2023,L-alpha-amino Acid Transmembrane Transport (GO:1902475),0.23134934524843717,3.911242603550296,5.725380155504451,SLC6A9,0.3417038949530136
Reactome_2022,RET Signaling R-HSA-8853659,0.23134934524843717,3.911242603550296,5.725380155504451,IRS2,0.4390715233225659
Reactome_2022,Cellular Responses To Stimuli R-HSA-8953897,0.05296912459062728,1.9423861817033847,5.706820126569088,PHC2;MT2A;GPX3;CREB3L1;DDIT3;ASNS;MT1X;FKBP5;MT1E,0.3418421072559001
Reactome_2022,PI3K/AKT Signaling In Cancer R-HSA-2219528,0.15090851911570427,2.9752389553699103,5.626419225872187,IRS2;FOXO3,0.4028112382326941
Reactome_2022,Integration Of Energy Metabolism R-HSA-163685,0.15090851911570427,2.9752389553699103,5.626419225872187,CACNB2;MARCKS,0.4028112382326941
GO_Biological_Process_2023,Intrinsic Apoptotic Signaling Pathway (GO:0097193),0.15090851911570427,2.9752389553699103,5.626419225872187,DDIT3;BRCA1,0.28349957691965866
GO_Biological_Process_2023,Regulation Of Neuron Apoptotic Process (GO:0043523),0.15090851911570427,2.9752389553699103,5.626419225872187,DDIT3;FOXO3,0.28349957691965866
GO_Biological_Process_2023,Negative Regulation Of MAPK Cascade (GO:0043409),0.15090851911570427,2.9752389553699103,5.626419225872187,DUSP10;DUSP1,0.28349957691965866
Reactome_2022,Post-translational Protein Phosphorylation R-HSA-8957275,0.15318523851381197,2.9464818127608825,5.527916275920331,SPARCL1;PNPLA2,0.4028112382326941
KEGG_2021_Human,Axon guidance,0.11742305261770436,2.578125,5.522271643088335,ABLIM1;TRPC6;SEMA6D,0.3868053497994967
Reactome_2022,Negative Regulation Of MAPK Pathway R-HSA-5675221,0.23639408919802837,3.813269230769231,5.499706603575161,DUSP10,0.44113708695531656
KEGG_2021_Human,Homologous recombination,0.23639408919802837,3.813269230769231,5.499706603575161,BRCA1,0.4906008948721915
Reactome_2022,Defective Homologous Recombination Repair (HRR) Due To BRCA2 Loss Of Function R-HSA-9701190,0.23639408919802837,3.813269230769231,5.499706603575161,BRCA1,0.44113708695531656
Reactome_2022,Signaling By Retinoic Acid R-HSA-5362517,0.23639408919802837,3.813269230769231,5.499706603575161,CRABP2,0.44113708695531656
GO_Biological_Process_2023,Acylglycerol Metabolic Process (GO:0006639),0.23639408919802837,3.813269230769231,5.499706603575161,PNPLA2,0.34552269994614293
GO_Biological_Process_2023,O-glycan Processing (GO:0016266),0.23639408919802837,3.813269230769231,5.499706603575161,GXYLT2,0.34552269994614293
Reactome_2022,Binding And Uptake Of Ligands By Scavenger Receptors R-HSA-2173782,0.23639408919802837,3.813269230769231,5.499706603575161,COL1A1,0.44113708695531656
GO_Biological_Process_2023,Negative Regulation Of Proteolysis (GO:0045861),0.23639408919802837,3.813269230769231,5.499706603575161,TIMP4,0.34552269994614293
GO_Biological_Process_2023,Regulation Of Heart Rate By Cardiac Conduction (GO:0086091),0.23639408919802837,3.813269230769231,5.499706603575161,CACNB2,0.34552269994614293
GO_Biological_Process_2023,Double-Strand Break Repair Via Nonhomologous End Joining (GO:0006303),0.23639408919802837,3.813269230769231,5.499706603575161,HMGB2,0.34552269994614293
GO_Biological_Process_2023,Non-Canonical Wnt Signaling Pathway (GO:0035567),0.23639408919802837,3.813269230769231,5.499706603575161,FZD8,0.34552269994614293
GO_Biological_Process_2023,Regulation Of Amide Metabolic Process (GO:0034248),0.23639408919802837,3.813269230769231,5.499706603575161,FOXO3,0.34552269994614293
GO_Biological_Process_2023,Regulation Of Cellular Response To Stress (GO:0080135),0.15546873729789215,2.9182724252491696,5.4318114393422166,BRCA1;SOX4,0.2881521105809018
GO_Biological_Process_2023,Regulation Of Nucleic Acid-Templated Transcription (GO:1903506),0.07704780123111338,2.0903677130044844,5.358300711475267,CRABP2;BNC2;DDIT3;JADE1;SOX4;SAP30,0.23805665390966257
KEGG_2021_Human,Insulin resistance,0.1577588310879498,2.890595290332017,5.338027050420404,CREB3L1;IRS2,0.44921158682670453
GO_Biological_Process_2023,Response To Tumor Necrosis Factor (GO:0034612),0.1577588310879498,2.890595290332017,5.338027050420404,BRCA1;ARHGEF2,0.2887962966496019
Reactome_2022,Signaling By Interleukins R-HSA-449147,0.07768297223996487,2.0855838926174495,5.328915432879704,VCAM1;CEBPD;MAOA;LIF;IRS2;FOXO3,0.36090214186483677
Reactome_2022,RND1 GTPase Cycle R-HSA-9696273,0.24140597496207092,3.720075046904315,5.287250478221397,ALDH3A2,0.4448177816737137
Reactome_2022,RHOF GTPase Cycle R-HSA-9035034,0.24140597496207092,3.720075046904315,5.287250478221397,SLC4A7,0.4448177816737137
Reactome_2022,Deactivation Of Beta-Catenin Transactivating Complex R-HSA-3769402,0.24140597496207092,3.720075046904315,5.287250478221397,SOX4,0.4448177816737137
GO_Biological_Process_2023,DNA Recombination (GO:0006310),0.24140597496207092,3.720075046904315,5.287250478221397,BRCA1,0.3465393561396778
GO_Biological_Process_2023,Negative Regulation Of I-kappaB kinase/NF-kappaB Signaling (GO:0043124),0.24140597496207092,3.720075046904315,5.287250478221397,PER1,0.3465393561396778
GO_Biological_Process_2023,Embryonic Heart Tube Morphogenesis (GO:0003143),0.24140597496207092,3.720075046904315,5.287250478221397,TGFBR2,0.3465393561396778
GO_Biological_Process_2023,Determination Of Heart Left/Right Asymmetry (GO:0061371),0.24140597496207092,3.720075046904315,5.287250478221397,TGFBR2,0.3465393561396778
GO_Biological_Process_2023,Positive Regulation Of Calcium Ion Transmembrane Transport (GO:1904427),0.24140597496207092,3.720075046904315,5.287250478221397,CACNB2,0.3465393561396778
GO_Biological_Process_2023,Positive Regulation Of Neuron Differentiation (GO:0045666),0.24140597496207092,3.720075046904315,5.287250478221397,ARHGEF2,0.3465393561396778
GO_Biological_Process_2023,Cellular Response To Glucose Starvation (GO:0042149),0.24140597496207092,3.720075046904315,5.287250478221397,FOXO3,0.3465393561396778
GO_Biological_Process_2023,Branching Morphogenesis Of An Epithelial Tube (GO:0048754),0.24140597496207092,3.720075046904315,5.287250478221397,TGFBR2,0.3465393561396778
GO_Biological_Process_2023,Amino Acid Transmembrane Transport (GO:0003333),0.24140597496207092,3.720075046904315,5.287250478221397,SLC6A6,0.3465393561396778
GO_Biological_Process_2023,Collagen Fibril Organization (GO:0030199),0.24140597496207092,3.720075046904315,5.287250478221397,COL1A1,0.3465393561396778
GO_Biological_Process_2023,Monoatomic Cation Transport (GO:0006812),0.24140597496207092,3.720075046904315,5.287250478221397,TRPC6,0.3465393561396778
GO_Biological_Process_2023,Modulation By Host Of Symbiont Process (GO:0051851),0.24140597496207092,3.720075046904315,5.287250478221397,SAP30,0.3465393561396778
GO_Biological_Process_2023,Keratinocyte Differentiation (GO:0030216),0.24140597496207092,3.720075046904315,5.287250478221397,CFLAR,0.3465393561396778
GO_Biological_Process_2023,Negative Regulation Of Developmental Process (GO:0051093),0.16005533751922843,2.863435485039484,5.246488617392047,TENT5C;SAP30,0.2911038824783378
GO_Biological_Process_2023,Positive Regulation Of Wnt Signaling Pathway (GO:0030177),0.16005533751922843,2.863435485039484,5.246488617392047,COL1A1;SOX4,0.2911038824783378
GO_Biological_Process_2023,Extracellular Structure Organization (GO:0043062),0.16005533751922843,2.863435485039484,5.246488617392047,COL1A1;ADAMTS1,0.2911038824783378
GO_Biological_Process_2023,Negative Regulation Of Nucleic Acid-Templated Transcription (GO:1903507),0.0796063681798289,2.07136,5.2419103564548095,PER1;ZBTB16;CREB3L1;DDIT3;HMGB2;BRCA1,0.23912295982842025
GO_Biological_Process_2023,Positive Regulation Of Cell Migration (GO:0030335),0.10379871088006501,2.30356093548008,5.218260566762608,COL1A1;SEMA6D;MYADM;ARHGEF2,0.25127656427535006
GO_Biological_Process_2023,External Encapsulating Structure Organization (GO:0045229),0.1623580764066612,2.8367786391042205,5.157124662419324,COL1A1;ADAMTS1,0.293500061066881
GO_Biological_Process_2023,Endocytosis (GO:0006897),0.1274715220947992,2.4802167338709675,5.108904934646369,SORT1;STEAP2;DNM1,0.26831084425946494
GO_Biological_Process_2023,Intracellular Glucose Homeostasis (GO:0001678),0.24638521492211796,3.6313186813186813,5.086965650860344,SOX4,0.34966790602583403
Reactome_2022,SUMOylation Of Transcription Cofactors R-HSA-3899300,0.24638521492211796,3.6313186813186813,5.086965650860344,PHC2,0.4448177816737137
GO_Biological_Process_2023,Positive Regulation Of Cell Division (GO:0051781),0.24638521492211796,3.6313186813186813,5.086965650860344,CIT,0.34966790602583403
GO_Biological_Process_2023,Response To Amyloid-Beta (GO:1904645),0.24638521492211796,3.6313186813186813,5.086965650860344,VCAM1,0.34966790602583403
Reactome_2022,Smooth Muscle Contraction R-HSA-445355,0.24638521492211796,3.6313186813186813,5.086965650860344,PDE5A,0.4448177816737137
GO_Biological_Process_2023,Regulation Of JUN Kinase Activity (GO:0043506),0.24638521492211796,3.6313186813186813,5.086965650860344,DUSP10,0.34966790602583403
GO_Biological_Process_2023,Neurotransmitter Secretion (GO:0007269),0.24638521492211796,3.6313186813186813,5.086965650860344,SYN2,0.34966790602583403
GO_Biological_Process_2023,Glycolipid Biosynthetic Process (GO:0009247),0.24638521492211796,3.6313186813186813,5.086965650860344,ST8SIA1,0.34966790602583403
GO_Biological_Process_2023,Positive Regulation Of miRNA Transcription (GO:1902895),0.24638521492211796,3.6313186813186813,5.086965650860344,FOXO3,0.34966790602583403
Reactome_2022,Homologous DNA Pairing And Strand Exchange R-HSA-5693579,0.24638521492211796,3.6313186813186813,5.086965650860344,BRCA1,0.4448177816737137
GO_Biological_Process_2023,Negative Regulation Of Inflammatory Response (GO:0050728),0.16466686953321627,2.810610909608136,5.069866577507228,CCN3;TRIM45,0.2948882861277083
GO_Biological_Process_2023,Negative Regulation Of Transmembrane Receptor Protein Serine/Threonine Kinase Signaling Pathway (GO:0090101),0.16466686953321627,2.810610909608136,5.069866577507228,CCN3;SAP30,0.2948882861277083
GO_Biological_Process_2023,Double-Strand Break Repair Via Homologous Recombination (GO:0000724),0.16466686953321627,2.810610909608136,5.069866577507228,BRCA1;SAMHD1,0.2948882861277083
GO_Biological_Process_2023,Calcium Ion Transport (GO:0006816),0.16698154074413318,2.78491895701198,4.984648483312149,CACNB2;TRPC6,0.2948882861277083
GO_Biological_Process_2023,Small GTPase Mediated Signal Transduction (GO:0007264),0.16698154074413318,2.78491895701198,4.984648483312149,RASGRP2;RGL1,0.2948882861277083
GO_Biological_Process_2023,Negative Regulation Of Defense Response (GO:0031348),0.16698154074413318,2.78491895701198,4.984648483312149,CCN3;TRIM45,0.2948882861277083
GO_Biological_Process_2023,Regulation Of Protein Ubiquitination (GO:0031396),0.16930191592116406,2.75968992248062,4.9014070980900515,BRCA1;SOX4,0.29641020793674205
KEGG_2021_Human,Serotonergic synapse,0.16930191592116406,2.75968992248062,4.9014070980900515,MAOA;DUSP1,0.46946404661341545
Reactome_2022,Collagen Chain Trimerization R-HSA-8948216,0.2513320201385109,3.5466905187835422,4.897910178444639,COL1A1,0.4448177816737137
Reactome_2022,TNF Signaling R-HSA-75893,0.2513320201385109,3.5466905187835422,4.897910178444639,CFLAR,0.4448177816737137
Reactome_2022,Sphingolipid De Novo Biosynthesis R-HSA-1660661,0.2513320201385109,3.5466905187835422,4.897910178444639,ALDH3A2,0.4448177816737137
Reactome_2022,PI3K Cascade R-HSA-109704,0.2513320201385109,3.5466905187835422,4.897910178444639,IRS2,0.4448177816737137
GO_Biological_Process_2023,Cellular Response To Ketone (GO:1901655),0.2513320201385109,3.5466905187835422,4.897910178444639,KLF9,0.3522408860794093
GO_Biological_Process_2023,Regulation Of Cell-Substrate Adhesion (GO:0010810),0.2513320201385109,3.5466905187835422,4.897910178444639,MYADM,0.3522408860794093
GO_Biological_Process_2023,Synaptic Vesicle Recycling (GO:0036465),0.2513320201385109,3.5466905187835422,4.897910178444639,DNM1,0.3522408860794093
GO_Biological_Process_2023,Regulation Of B Cell Proliferation (GO:0030888),0.2513320201385109,3.5466905187835422,4.897910178444639,IRS2,0.3522408860794093
GO_Biological_Process_2023,Negative Regulation Of Immune System Process (GO:0002683),0.2513320201385109,3.5466905187835422,4.897910178444639,RAB7B,0.3522408860794093
GO_Biological_Process_2023,Neural Crest Cell Development (GO:0014032),0.2513320201385109,3.5466905187835422,4.897910178444639,SEMA6D,0.3522408860794093
GO_Biological_Process_2023,Positive Regulation Of Biosynthetic Process (GO:0009891),0.2513320201385109,3.5466905187835422,4.897910178444639,CREB3L1,0.3522408860794093
Reactome_2022,TGF-beta Receptor Signaling Activates SMADs R-HSA-2173789,0.2513320201385109,3.5466905187835422,4.897910178444639,TGFBR2,0.4448177816737137
KEGG_2021_Human,Vasopressin-regulated water reabsorption,0.2513320201385109,3.5466905187835422,4.897910178444639,CREB3L1,0.4906008948721915
GO_Biological_Process_2023,Regulation Of Interleukin-6 Production (GO:0032675),0.17162782292474288,2.734911406423034,4.820081614530397,ARHGEF2;RAB7B,0.29840376920331163
GO_Biological_Process_2023,Regulation Of MAP Kinase Activity (GO:0043405),0.17162782292474288,2.734911406423034,4.820081614530397,DUSP1;NEK10,0.29840376920331163
GO_Biological_Process_2023,Response To Endoplasmic Reticulum Stress (GO:0034976),0.17162782292474288,2.734911406423034,4.820081614530397,CREB3L1;DDIT3,0.29840376920331163
GO_Biological_Process_2023,Positive Regulation Of Protein Phosphorylation (GO:0001934),0.10218111162894125,2.0798131080389144,4.744071244769601,TMEM119;LIF;NEK10;ARHGEF2;TGFBR2,0.25127656427535006
Reactome_2022,Muscle Contraction R-HSA-397014,0.13781674961207308,2.389410621761658,4.735406554836696,CACNB2;PDE5A;CLIC2,0.4028112382326941
KEGG_2021_Human,ABC transporters,0.2562466002167321,3.465909090909091,4.719233862496041,ABCA4,0.4906008948721915
KEGG_2021_Human,Glycosphingolipid biosynthesis,0.2562466002167321,3.465909090909091,4.719233862496041,ST8SIA1,0.4906008948721915
Reactome_2022,TBC/RABGAPs R-HSA-8854214,0.2562466002167321,3.465909090909091,4.719233862496041,RAB7B,0.44913610558786804
GO_Biological_Process_2023,Triglyceride Metabolic Process (GO:0006641),0.2562466002167321,3.465909090909091,4.719233862496041,PNPLA2,0.3569035670924497
Reactome_2022,Interleukin-10 Signaling R-HSA-6783783,0.2562466002167321,3.465909090909091,4.719233862496041,LIF,0.44913610558786804
GO_Biological_Process_2023,Negative Regulation Of Programmed Cell Death (GO:0043069),0.10562603994343442,2.0572652819993245,4.624424479525228,TSC22D1;ANXA4;ASNS;CFLAR;TENT5B,0.25127656427535006
GO_Biological_Process_2023,Regulation Of Gene Expression (GO:0010468),0.06610439468258592,1.6961073218525078,4.607509545017429,PER1;CRABP2;BNC2;SORT1;CREB3L1;DDIT3;MYADM;TMEM119;JADE1;BRCA1;SOX4;SAP30,0.23473671437857563
GO_Biological_Process_2023,DNA-templated Transcription (GO:0006351),0.1423363458725556,2.3524792729591835,4.5863051120858795,TSC22D1;CEBPD;FOXO3,0.28266087060203615
GO_Biological_Process_2023,T Cell Differentiation (GO:0030217),0.2611291635111755,3.388717948717949,4.5501675272107995,SOX4,0.3579380241299528
KEGG_2021_Human,Type II diabetes mellitus,0.2611291635111755,3.388717948717949,4.5501675272107995,IRS2,0.4906008948721915
GO_Biological_Process_2023,Regulation Of Nervous System Development (GO:0051960),0.2611291635111755,3.388717948717949,4.5501675272107995,HMGB2,0.3579380241299528
GO_Biological_Process_2023,Cardiac Conduction (GO:0061337),0.2611291635111755,3.388717948717949,4.5501675272107995,CACNB2,0.3579380241299528
GO_Biological_Process_2023,Response To Hydrogen Peroxide (GO:0042542),0.2611291635111755,3.388717948717949,4.5501675272107995,RHOB,0.3579380241299528
GO_Biological_Process_2023,Development Of Primary Male Sexual Characteristics (GO:0046546),0.2611291635111755,3.388717948717949,4.5501675272107995,LHFPL2,0.3579380241299528
GO_Biological_Process_2023,Protein Sumoylation (GO:0016925),0.2611291635111755,3.388717948717949,4.5501675272107995,EGR2,0.3579380241299528
GO_Biological_Process_2023,Regulation Of Epidermal Growth Factor Receptor Signaling Pathway (GO:0042058),0.2611291635111755,3.388717948717949,4.5501675272107995,ERRFI1,0.3579380241299528
GO_Biological_Process_2023,Regulation Of Cytokine Production Involved In Inflammatory Response (GO:1900015),0.2611291635111755,3.388717948717949,4.5501675272107995,PER1,0.3579380241299528
GO_Biological_Process_2023,Negative Regulation Of Cold-Induced Thermogenesis (GO:0120163),0.2611291635111755,3.388717948717949,4.5501675272107995,DDIT3,0.3579380241299528
GO_Biological_Process_2023,Myofibril Assembly (GO:0030239),0.2611291635111755,3.388717948717949,4.5501675272107995,CFLAR,0.3579380241299528
GO_Biological_Process_2023,Negative Regulation Of Cellular Metabolic Process (GO:0031324),0.2611291635111755,3.388717948717949,4.5501675272107995,BRCA1,0.3579380241299528
GO_Biological_Process_2023,Mitotic G2/M Transition Checkpoint (GO:0044818),0.2611291635111755,3.388717948717949,4.5501675272107995,BRCA1,0.3579380241299528
GO_Biological_Process_2023,Amino Acid Transport (GO:0006865),0.2611291635111755,3.388717948717949,4.5501675272107995,SLC6A6,0.3579380241299528
GO_Biological_Process_2023,Regulation Of Small GTPase Mediated Signal Transduction (GO:0051056),0.180983394982472,2.640069500133654,4.512802779864991,FGD4;ARHGEF2,0.30544344738783563
GO_Biological_Process_2023,Positive Regulation Of Cell Cycle Process (GO:0090068),0.180983394982472,2.640069500133654,4.512802779864991,E2F7;CIT,0.30544344738783563
KEGG_2021_Human,Neurotrophin signaling pathway,0.18333444746690553,2.6173722917908964,4.440223458601587,SORT1;FOXO3,0.46946404661341545
GO_Biological_Process_2023,Positive Regulation Of Angiogenesis (GO:0045766),0.18333444746690553,2.6173722917908964,4.440223458601587,BRCA1;RHOB,0.30575502909440944
Reactome_2022,Signaling By TGFB Family Members R-HSA-9006936,0.18333444746690553,2.6173722917908964,4.440223458601587,SMAD1;TGFBR2,0.41754724667973464
Reactome_2022,Transcriptional Regulation By RUNX2 R-HSA-8878166,0.18333444746690553,2.6173722917908964,4.440223458601587,COL1A1;SMAD1,0.41754724667973464
KEGG_2021_Human,"Growth hormone synthesis, secretion and action",0.18333444746690553,2.6173722917908964,4.440223458601587,CREB3L1;IRS2,0.46946404661341545
Reactome_2022,RHO GTPases Activate Formins R-HSA-5663220,0.18333444746690553,2.6173722917908964,4.440223458601587,CENPP;RHOB,0.41754724667973464
GO_Biological_Process_2023,Regulation Of Signal Transduction By P53 Class Mediator (GO:1901796),0.2659799169914363,3.3148829431438127,4.390013755839864,SOX4,0.36237748690712046
GO_Biological_Process_2023,Golgi To Plasma Membrane Transport (GO:0006893),0.2659799169914363,3.3148829431438127,4.390013755839864,STEAP2,0.36237748690712046
Reactome_2022,SUMOylation Of RNA Binding Proteins R-HSA-4570464,0.2659799169914363,3.3148829431438127,4.390013755839864,PHC2,0.45979474022550615
Reactome_2022,IRS-mediated Signaling R-HSA-112399,0.2659799169914363,3.3148829431438127,4.390013755839864,IRS2,0.45979474022550615
KEGG_2021_Human,Pyruvate metabolism,0.2659799169914363,3.3148829431438127,4.390013755839864,ALDH3A2,0.4906008948721915
GO_Biological_Process_2023,Insulin Receptor Signaling Pathway (GO:0008286),0.2659799169914363,3.3148829431438127,4.390013755839864,IRS2,0.36237748690712046
GO_Biological_Process_2023,Regulation Of MAPK Cascade (GO:0043408),0.14997777981218033,2.293376865671642,4.351150838337175,DUSP1;LIF;NEK10,0.28349957691965866
GO_Biological_Process_2023,Positive Regulation Of Reactive Oxygen Species Metabolic Process (GO:2000379),0.2707990662874435,3.244189852700491,4.238138854578135,TGFBR2,0.36627936282441215
GO_Biological_Process_2023,Regulation Of DNA Binding (GO:0051101),0.2707990662874435,3.244189852700491,4.238138854578135,HMGB2,0.36627936282441215
Reactome_2022,Inositol Phosphate Metabolism R-HSA-1483249,0.2707990662874435,3.244189852700491,4.238138854578135,IMPA2,0.46631808325945867
GO_Biological_Process_2023,Oligosaccharide Metabolic Process (GO:0009311),0.2707990662874435,3.244189852700491,4.238138854578135,ST8SIA1,0.36627936282441215
GO_Biological_Process_2023,Negative Regulation Of ERK1 And ERK2 Cascade (GO:0070373),0.2707990662874435,3.244189852700491,4.238138854578135,DUSP10,0.36627936282441215
KEGG_2021_Human,"Valine, leucine and isoleucine degradation",0.2707990662874435,3.244189852700491,4.238138854578135,ALDH3A2,0.4906008948721915
Reactome_2022,Metabolism Of Water-Soluble Vitamins And Cofactors R-HSA-196849,0.1904142112645888,2.5515503875968992,4.231882877866458,NNMT;QPRT,0.41876187017803124
GO_Biological_Process_2023,Negative Regulation Of Cell Differentiation (GO:0045596),0.15462535549854936,2.2593060661764706,4.217559936057325,ZBTB16;TENT5C;SOX4,0.2881521105809018
Reactome_2022,Programmed Cell Death R-HSA-5357801,0.15618465292642927,2.248170731707317,4.174215240755139,HMGB2;CFLAR;TJP2,0.4028112382326941
Reactome_2022,Regulation Of IGF Transport And Uptake By IGFBPs R-HSA-381426,0.19278247856041378,2.5303350631046193,4.165419311285365,SPARCL1;PNPLA2,0.41876187017803124
GO_Biological_Process_2023,Protein Dephosphorylation (GO:0006470),0.19515466204969303,2.5094675308171306,4.100376834248377,DUSP10;DUSP1,0.31291560648196143
KEGG_2021_Human,Platelet activation,0.19515466204969303,2.5094675308171306,4.100376834248377,COL1A1;RASGRP2,0.48214681212277105
GO_Biological_Process_2023,Regulation Of DNA Metabolic Process (GO:0051052),0.19515466204969303,2.5094675308171306,4.100376834248377,JADE1;BRCA1,0.31291560648196143
GO_Biological_Process_2023,Neuron Projection Guidance (GO:0097485),0.19515466204969303,2.5094675308171306,4.100376834248377,SEMA6D;NEXN,0.31291560648196143
Reactome_2022,Signaling By EGFR R-HSA-177929,0.27558681582982053,3.176442307692308,4.093965860472672,ADAM12,0.46667999508915137
GO_Biological_Process_2023,Erythrocyte Differentiation (GO:0030218),0.27558681582982053,3.176442307692308,4.093965860472672,CFLAR,0.3687614059437122
GO_Biological_Process_2023,Nuclear Export (GO:0051168),0.27558681582982053,3.176442307692308,4.093965860472672,EGR2,0.3687614059437122
Reactome_2022,Signaling By FGFR1 R-HSA-5654736,0.27558681582982053,3.176442307692308,4.093965860472672,FLRT3,0.46667999508915137
Reactome_2022,TP53 Regulates Transcription Of Cell Cycle Genes R-HSA-6791312,0.27558681582982053,3.176442307692308,4.093965860472672,E2F7,0.46667999508915137
Reactome_2022,EPH-ephrin Mediated Repulsion Of Cells R-HSA-3928665,0.27558681582982053,3.176442307692308,4.093965860472672,DNM1,0.46667999508915137
GO_Biological_Process_2023,Positive Regulation Of Pathway-Restricted SMAD Protein Phosphorylation (GO:0010862),0.27558681582982053,3.176442307692308,4.093965860472672,TGFBR2,0.3687614059437122
GO_Biological_Process_2023,Neurogenesis (GO:0022008),0.27558681582982053,3.176442307692308,4.093965860472672,CIT,0.3687614059437122
GO_Biological_Process_2023,Regulation Of Mitotic Metaphase/Anaphase Transition (GO:0030071),0.27558681582982053,3.176442307692308,4.093965860472672,DUSP1,0.3687614059437122
GO_Biological_Process_2023,Positive Regulation Of miRNA Metabolic Process (GO:2000630),0.27558681582982053,3.176442307692308,4.093965860472672,FOXO3,0.3687614059437122
GO_Biological_Process_2023,Regulation Of Cell Communication (GO:0010646),0.27558681582982053,3.176442307692308,4.093965860472672,TBX18,0.3687614059437122
GO_Biological_Process_2023,Intrinsic Apoptotic Signaling Pathway In Response To DNA Damage (GO:0008630),0.27558681582982053,3.176442307692308,4.093965860472672,BRCA1,0.3687614059437122
GO_Biological_Process_2023,Heterophilic Cell-Cell Adhesion Via Plasma Membrane Cell Adhesion Molecules (GO:0007157),0.27558681582982053,3.176442307692308,4.093965860472672,VCAM1,0.3687614059437122
Reactome_2022,Cardiac Conduction R-HSA-5576891,0.19991017403470432,2.4687421855463865,3.974396304262144,CACNB2;CLIC2,0.41876187017803124
GO_Biological_Process_2023,Cellular Response To Starvation (GO:0009267),0.19991017403470432,2.4687421855463865,3.974396304262144,ASNS;FOXO3,0.31456112189888885
GO_Biological_Process_2023,Positive Regulation Of Cell Death (GO:0010942),0.28034336849839514,3.111459968602826,3.956968446025251,SLC6A6,0.3733482774789054
GO_Biological_Process_2023,Positive Regulation Of Fat Cell Differentiation (GO:0045600),0.28034336849839514,3.111459968602826,3.956968446025251,ZBTB16,0.3733482774789054
GO_Biological_Process_2023,Regulation Of Epithelial Cell Migration (GO:0010632),0.28034336849839514,3.111459968602826,3.956968446025251,DUSP10,0.3733482774789054
Reactome_2022,Ion Homeostasis R-HSA-5578775,0.28034336849839514,3.111459968602826,3.956968446025251,CLIC2,0.47182317868031787
KEGG_2021_Human,Cholesterol metabolism,0.28034336849839514,3.111459968602826,3.956968446025251,SORT1,0.4906008948721915
KEGG_2021_Human,Cysteine and methionine metabolism,0.28034336849839514,3.111459968602826,3.956968446025251,TST,0.4906008948721915
KEGG_2021_Human,Malaria,0.28034336849839514,3.111459968602826,3.956968446025251,VCAM1,0.4906008948721915
KEGG_2021_Human,Vibrio cholerae infection,0.28034336849839514,3.111459968602826,3.956968446025251,TJP2,0.4906008948721915
GO_Biological_Process_2023,Regulation Of GTPase Activity (GO:0043087),0.16564250906104078,2.1835752369668247,3.925900954686727,FGD4;RGL1;RASGRP2,0.2948882861277083
KEGG_2021_Human,MicroRNAs in cancer,0.14643026218042887,2.0135865369769954,3.8685145160897623,MARCKS;IRS2;BRCA1;SOX4,0.42414282838469053
KEGG_2021_Human,Lysosome,0.20467955767325496,2.429309708379476,3.8536374480899362,SORT1;AP1M1,0.4838754367330798
GO_Biological_Process_2023,Receptor Internalization (GO:0031623),0.28506892612655743,3.0490769230769232,3.8266655758285544,DNM1,0.3761617499127606
GO_Biological_Process_2023,Regulation Of Release Of Sequestered Calcium Ion Into Cytosol (GO:0051279),0.28506892612655743,3.0490769230769232,3.8266655758285544,CLIC2,0.3761617499127606
GO_Biological_Process_2023,Regulation Of Stress-Activated MAPK Cascade (GO:0032872),0.28506892612655743,3.0490769230769232,3.8266655758285544,PER1,0.3761617499127606
Reactome_2022,Diseases Of DNA Repair R-HSA-9675135,0.28506892612655743,3.0490769230769232,3.8266655758285544,BRCA1,0.47440575019568887
Reactome_2022,Nonhomologous End-Joining (NHEJ) R-HSA-5693571,0.28506892612655743,3.0490769230769232,3.8266655758285544,BRCA1,0.47440575019568887
Reactome_2022,IRS-related Events Triggered By IGF1R R-HSA-2428928,0.28506892612655743,3.0490769230769232,3.8266655758285544,IRS2,0.47440575019568887
GO_Biological_Process_2023,Regulated Exocytosis (GO:0045055),0.28506892612655743,3.0490769230769232,3.8266655758285544,STEAP2,0.3761617499127606
GO_Biological_Process_2023,Regulation Of Synapse Assembly (GO:0051963),0.28506892612655743,3.0490769230769232,3.8266655758285544,PDLIM5,0.3761617499127606
GO_Biological_Process_2023,Regulation Of Substrate Adhesion-Dependent Cell Spreading (GO:1900024),0.28506892612655743,3.0490769230769232,3.8266655758285544,MYADM,0.3761617499127606
GO_Biological_Process_2023,Positive Regulation Of Peptidyl-Tyrosine Phosphorylation (GO:0050731),0.2094616514097493,2.391109496124031,3.737817285392478,LIF;ARHGEF2,0.32429049061233917
KEGG_2021_Human,Human T-cell leukemia virus 1 infection,0.17365140565896298,2.1324869791666665,3.7333564806096677,EGR2;CREB3L1;TGFBR2,0.46946404661341545
GO_Biological_Process_2023,Regulation Of Protein Localization To Nucleus (GO:1900180),0.2897636891206341,2.9891402714932127,3.7026168276048637,LIF,0.3791552812242057
GO_Biological_Process_2023,Regulation Of Cell Development (GO:0060284),0.2897636891206341,2.9891402714932127,3.7026168276048637,HMGB2,0.3791552812242057
GO_Biological_Process_2023,Negative Regulation Of Innate Immune Response (GO:0045824),0.2897636891206341,2.9891402714932127,3.7026168276048637,SAMHD1,0.3791552812242057
GO_Biological_Process_2023,Neurotransmitter Transport (GO:0006836),0.2897636891206341,2.9891402714932127,3.7026168276048637,SYN2,0.3791552812242057
GO_Biological_Process_2023,Sprouting Angiogenesis (GO:0002040),0.2897636891206341,2.9891402714932127,3.7026168276048637,E2F7,0.3791552812242057
GO_Biological_Process_2023,Rho Protein Signal Transduction (GO:0007266),0.2897636891206341,2.9891402714932127,3.7026168276048637,RHOB,0.3791552812242057
Reactome_2022,RHOD GTPase Cycle R-HSA-9013405,0.2897636891206341,2.9891402714932127,3.7026168276048637,SLC4A7,0.47864668647334374
GO_Biological_Process_2023,Positive Regulation Of B Cell Activation (GO:0050871),0.2897636891206341,2.9891402714932127,3.7026168276048637,IRS2,0.3791552812242057
Reactome_2022,IGF1R Signaling Cascade R-HSA-2428924,0.2897636891206341,2.9891402714932127,3.7026168276048637,IRS2,0.47864668647334374
GO_Biological_Process_2023,Supramolecular Fiber Organization (GO:0097435),0.15371241611537265,1.9742580254391278,3.697137429286879,COL1A1;MFAP4;MARCKS;ARHGEF2,0.28699793307920074
GO_Biological_Process_2023,Synapse Organization (GO:0050808),0.21185710915161968,2.372453578510907,3.681676059876496,CACNB2;FLRT3,0.32575566441370796
GO_Biological_Process_2023,Positive Regulation Of Cell Motility (GO:2000147),0.17688564770885457,2.112707855504587,3.659742013746745,COL1A1;SEMA6D;MYADM,0.30308557010385834
KEGG_2021_Human,Dopaminergic synapse,0.21425532129345182,2.3540846750149074,3.626671976437839,MAOA;CREB3L1,0.4838754367330798
GO_Biological_Process_2023,Positive Regulation Of Cytokine Production (GO:0001819),0.15864265772179584,1.9488687331805044,3.5880642548883785,DDIT3;ARHGEF2;BRCA1;RAB7B,0.28994202809642033
GO_Biological_Process_2023,Carboxylic Acid Transport (GO:0046942),0.29442785660299275,2.931508875739645,3.5844182701898526,SLC6A6,0.3817034726894623
GO_Biological_Process_2023,Blood Vessel Morphogenesis (GO:0048514),0.29442785660299275,2.931508875739645,3.5844182701898526,TGFBR2,0.3817034726894623
GO_Biological_Process_2023,Glycoprotein Metabolic Process (GO:0009100),0.29442785660299275,2.931508875739645,3.5844182701898526,ST8SIA1,0.3817034726894623
GO_Biological_Process_2023,Negative Regulation Of Metabolic Process (GO:0009892),0.29442785660299275,2.931508875739645,3.5844182701898526,DDIT3,0.3817034726894623
Reactome_2022,Signaling By Type 1 Insulin-like Growth Factor 1 Receptor (IGF1R) R-HSA-2404192,0.29442785660299275,2.931508875739645,3.5844182701898526,IRS2,0.4810066814832775
Reactome_2022,Insulin Receptor Signaling Cascade R-HSA-74751,0.29442785660299275,2.931508875739645,3.5844182701898526,IRS2,0.4810066814832775
GO_Biological_Process_2023,Protein Homotetramerization (GO:0051289),0.29442785660299275,2.931508875739645,3.5844182701898526,SAMHD1,0.3817034726894623
Reactome_2022,Deposition Of New CENPA-containing Nucleosomes At Centromere R-HSA-606279,0.29442785660299275,2.931508875739645,3.5844182701898526,CENPP,0.4810066814832775
GO_Biological_Process_2023,Positive Regulation Of NIK/NF-kappaB Signaling (GO:1901224),0.29442785660299275,2.931508875739645,3.5844182701898526,RTKN2,0.3817034726894623
GO_Biological_Process_2023,Endosome Organization (GO:0007032),0.29442785660299275,2.931508875739645,3.5844182701898526,DNM1,0.3817034726894623
KEGG_2021_Human,Endocrine and other factor-regulated calcium reabsorption,0.29442785660299275,2.931508875739645,3.5844182701898526,DNM1,0.509936906281472
GO_Biological_Process_2023,Organelle Disassembly (GO:1903008),0.29906162642283773,2.8760522496371554,3.471698829323926,PNPLA2,0.3846055699076312
GO_Biological_Process_2023,Regulation Of Myoblast Differentiation (GO:0045661),0.29906162642283773,2.8760522496371554,3.471698829323926,SOX4,0.3846055699076312
GO_Biological_Process_2023,Negative Regulation Of Protein Ubiquitination (GO:0031397),0.29906162642283773,2.8760522496371554,3.471698829323926,SOX4,0.3846055699076312
GO_Biological_Process_2023,Nucleosome Assembly (GO:0006334),0.29906162642283773,2.8760522496371554,3.471698829323926,HMGB2,0.3846055699076312
KEGG_2021_Human,Fanconi anemia pathway,0.29906162642283773,2.8760522496371554,3.471698829323926,BRCA1,0.5126770738677218
GO_Biological_Process_2023,Epidermal Cell Differentiation (GO:0009913),0.29906162642283773,2.8760522496371554,3.471698829323926,CFLAR,0.3846055699076312
GO_Biological_Process_2023,Negative Regulation Of Protein Catabolic Process (GO:0042177),0.29906162642283773,2.8760522496371554,3.471698829323926,TIMP4,0.3846055699076312
GO_Biological_Process_2023,Negative Regulation Of Protein Modification By Small Protein Conjugation Or Removal (GO:1903321),0.29906162642283773,2.8760522496371554,3.471698829323926,SOX4,0.3846055699076312
KEGG_2021_Human,Estrogen signaling pathway,0.2262829421905873,2.266322136089578,3.3676846788322536,CREB3L1;FKBP5,0.48737864471818804
GO_Biological_Process_2023,Response To Peptide Hormone (GO:0043434),0.3036651952121775,2.822649572649573,3.3641170740820274,SORT1,0.3889147251087389
GO_Biological_Process_2023,Positive Regulation Of Tyrosine Phosphorylation Of STAT Protein (GO:0042531),0.3036651952121775,2.822649572649573,3.3641170740820274,LIF,0.3889147251087389
GO_Biological_Process_2023,Cellular Response To Fibroblast Growth Factor Stimulus (GO:0044344),0.3036651952121775,2.822649572649573,3.3641170740820274,FLRT3,0.3889147251087389
KEGG_2021_Human,Thermogenesis,0.19496314376935986,2.010098253275109,3.28639957530833,ACSL1;CREB3L1;PNPLA2,0.48214681212277105
GO_Biological_Process_2023,Regulation Of Mitotic Nuclear Division (GO:0007088),0.3082387582984377,2.771188811188811,3.2613583703120255,DUSP1,0.39236734351918917
Reactome_2022,Meiotic Recombination R-HSA-912446,0.3082387582984377,2.771188811188811,3.2613583703120255,BRCA1,0.4957346826747506
GO_Biological_Process_2023,Positive Regulation Of Cellular Metabolic Process (GO:0031325),0.3082387582984377,2.771188811188811,3.2613583703120255,TGFBR2,0.39236734351918917
GO_Biological_Process_2023,Regulation Of Stem Cell Population Maintenance (GO:2000036),0.3082387582984377,2.771188811188811,3.2613583703120255,SAP30,0.39236734351918917
GO_Biological_Process_2023,Regulation Of Cation Channel Activity (GO:2001257),0.3082387582984377,2.771188811188811,3.2613583703120255,CACNB2,0.39236734351918917
GO_Biological_Process_2023,Mitotic DNA Damage Checkpoint Signaling (GO:0044773),0.3082387582984377,2.771188811188811,3.2613583703120255,BRCA1,0.39236734351918917
GO_Biological_Process_2023,Negative Regulation Of Wnt Signaling Pathway (GO:0030178),0.2335240174000492,2.2167172227839567,3.2241494724760296,DDIT3;JADE1,0.3444632487633271
Reactome_2022,Regulated Necrosis R-HSA-5218859,0.31278250973806404,2.721565934065934,3.163132351195512,CFLAR,0.4957346826747506
Reactome_2022,SUMOylation Of Chromatin Organization Proteins R-HSA-4551638,0.31278250973806404,2.721565934065934,3.163132351195512,PHC2,0.4957346826747506
KEGG_2021_Human,Glutathione metabolism,0.31278250973806404,2.721565934065934,3.163132351195512,GPX3,0.5307824407676238
Reactome_2022,NCAM Signaling For Neurite Out-Growth R-HSA-375165,0.31278250973806404,2.721565934065934,3.163132351195512,CACNB2,0.4957346826747506
Reactome_2022,Neurexins And Neuroligins R-HSA-6794361,0.31278250973806404,2.721565934065934,3.163132351195512,PDLIM5,0.4957346826747506
GO_Biological_Process_2023,Signal Transduction In Response To DNA Damage (GO:0042770),0.31278250973806404,2.721565934065934,3.163132351195512,E2F7,0.39725145869557515
GO_Biological_Process_2023,Monoatomic Anion Transport (GO:0006820),0.31278250973806404,2.721565934065934,3.163132351195512,CLIC2,0.39725145869557515
Reactome_2022,Assembly Of Collagen Fibrils And Other Multimeric Structures R-HSA-2022090,0.31278250973806404,2.721565934065934,3.163132351195512,COL1A1,0.4957346826747506
GO_Biological_Process_2023,Protein Localization To Cell Periphery (GO:1990778),0.23835948622470318,2.184828349944629,3.1329898854252516,CACNB2;MYADM,0.3465393561396778
GO_Biological_Process_2023,Renal System Development (GO:0072001),0.3172966423848577,2.6736842105263157,3.069170665465753,TBX18,0.40162322752317575
GO_Biological_Process_2023,Inorganic Anion Transport (GO:0015698),0.3172966423848577,2.6736842105263157,3.069170665465753,CLIC2,0.40162322752317575
GO_Biological_Process_2023,Peptidyl-Threonine Phosphorylation (GO:0018107),0.3172966423848577,2.6736842105263157,3.069170665465753,TGFBR2,0.40162322752317575
GO_Biological_Process_2023,Actin Filament Organization (GO:0007015),0.2432002772492554,2.153837755213451,3.0452465630250556,MARCKS;ARHGEF2,0.34822561990848794
GO_Biological_Process_2023,Regulation Of Cell Adhesion (GO:0030155),0.2432002772492554,2.153837755213451,3.0452465630250556,DUSP1;MYADM,0.34822561990848794
GO_Biological_Process_2023,Anterior/Posterior Pattern Specification (GO:0009952),0.32178134786200596,2.627453580901857,2.979224969691473,DDIT3,0.4041142290468097
GO_Biological_Process_2023,Negative Regulation Of Cytokine-Mediated Signaling Pathway (GO:0001960),0.32178134786200596,2.627453580901857,2.979224969691473,SAMHD1,0.4041142290468097
GO_Biological_Process_2023,Regulation Of Cell Death (GO:0010941),0.32178134786200596,2.627453580901857,2.979224969691473,CCN3,0.4041142290468097
Reactome_2022,Iron Uptake And Transport R-HSA-917937,0.32178134786200596,2.627453580901857,2.979224969691473,STEAP2,0.500516014432683
GO_Biological_Process_2023,Regulation Of miRNA Transcription (GO:1902893),0.32178134786200596,2.627453580901857,2.979224969691473,FOXO3,0.4041142290468097
GO_Biological_Process_2023,protein-DNA Complex Assembly (GO:0065004),0.32178134786200596,2.627453580901857,2.979224969691473,HMGB2,0.4041142290468097
GO_Biological_Process_2023,Cellular Response To Chemokine (GO:1990869),0.32178134786200596,2.627453580901857,2.979224969691473,DUSP1,0.4041142290468097
GO_Biological_Process_2023,Phospholipid Transport (GO:0015914),0.32178134786200596,2.627453580901857,2.979224969691473,ABCA4,0.4041142290468097
GO_Biological_Process_2023,Negative Regulation Of Response To External Stimulus (GO:0032102),0.2480454353419835,2.123708010335917,2.9607533841795886,CCN3;TRIM45,0.35113736690729147
GO_Biological_Process_2023,Regulation Of Cold-Induced Thermogenesis (GO:0120161),0.2480454353419835,2.123708010335917,2.9607533841795886,ACSL1;DDIT3,0.35113736690729147
GO_Biological_Process_2023,Protein Glycosylation (GO:0006486),0.2504693600422313,2.1089548249131247,2.9196764572879697,ST8SIA1;EOGT,0.3522408860794093
GO_Biological_Process_2023,Regulation Of Extrinsic Apoptotic Signaling Pathway (GO:2001236),0.32623681643701347,2.5827900912646675,2.8930651345761484,CFLAR,0.40788674268654407
Reactome_2022,HDACs Deacetylate Histones R-HSA-3214815,0.32623681643701347,2.5827900912646675,2.8930651345761484,SAP30,0.500516014432683
GO_Biological_Process_2023,Homophilic Cell Adhesion Via Plasma Membrane Adhesion Molecules (GO:0007156),0.32623681643701347,2.5827900912646675,2.8930651345761484,NEXN,0.40788674268654407
GO_Biological_Process_2023,protein-DNA Complex Organization (GO:0071824),0.32623681643701347,2.5827900912646675,2.8930651345761484,HMGB2,0.40788674268654407
Reactome_2022,Meiotic Synapsis R-HSA-1221632,0.32623681643701347,2.5827900912646675,2.8930651345761484,BRCA1,0.500516014432683
Reactome_2022,Transcriptional Regulation By MECP2 R-HSA-8986944,0.32623681643701347,2.5827900912646675,2.8930651345761484,FKBP5,0.500516014432683
Reactome_2022,Recruitment And ATM-mediated Phosphorylation Of Repair And Signal Proteins At DNA Double Strand Breaks R-HSA-5693565,0.32623681643701347,2.5827900912646675,2.8930651345761484,BRCA1,0.500516014432683
Reactome_2022,Transmission Across Chemical Synapses R-HSA-112315,0.21859123674441755,1.8929398148148149,2.8783130278093245,CACNB2;MAOA;SYN2,0.42885891394026576
Reactome_2022,SLC-mediated Transmembrane Transport R-HSA-425407,0.2203020077786529,1.8850858094262295,2.851674701661913,SLC4A7;SLC6A6;SLC6A9,0.42885891394026576
GO_Biological_Process_2023,Skeletal System Development (GO:0001501),0.2553193294372331,2.0800506249011232,2.839768824668819,COL1A1;ZBTB16,0.3560532584211539
GO_Biological_Process_2023,Negative Regulation Of Protein Phosphorylation (GO:0001933),0.2553193294372331,2.0800506249011232,2.839768824668819,ERRFI1;MYADM,0.3560532584211539
GO_Biological_Process_2023,Axon Guidance (GO:0007411),0.2553193294372331,2.0800506249011232,2.839768824668819,SEMA6D;NEXN,0.3560532584211539
GO_Biological_Process_2023,Negative Regulation Of DNA-binding Transcription Factor Activity (GO:0043433),0.2553193294372331,2.0800506249011232,2.839768824668819,ANXA4;DDIT3,0.3560532584211539
Reactome_2022,Regulation Of PTEN Gene Transcription R-HSA-8943724,0.3306632373744845,2.539615384615385,2.8104776349330467,PHC2,0.500516014432683
KEGG_2021_Human,Arachidonic acid metabolism,0.3306632373744845,2.539615384615385,2.8104776349330467,GPX3,0.5455606810078915
GO_Biological_Process_2023,Positive Regulation Of Interleukin-8 Production (GO:0032757),0.3306632373744845,2.539615384615385,2.8104776349330467,DDIT3,0.41250330611422925
Reactome_2022,Nuclear Events (Kinase And Transcription Factor Activation) R-HSA-198725,0.3306632373744845,2.539615384615385,2.8104776349330467,EGR2,0.500516014432683
Reactome_2022,DNA Double Strand Break Response R-HSA-5693606,0.3306632373744845,2.539615384615385,2.8104776349330467,BRCA1,0.500516014432683
GO_Biological_Process_2023,Regulation Of Pathway-Restricted SMAD Protein Phosphorylation (GO:0060393),0.3306632373744845,2.539615384615385,2.8104776349330467,TGFBR2,0.41250330611422925
KEGG_2021_Human,PI3K-Akt signaling pathway,0.2027357119616238,1.7564904386951632,2.803098884404353,COL1A1;CREB3L1;BRCA1;FOXO3,0.4838754367330798
KEGG_2021_Human,Adrenergic signaling in cardiomyocytes,0.25774514997166736,2.065891472868217,2.80090254898543,CACNB2;CREB3L1,0.4906008948721915
KEGG_2021_Human,Salmonella infection,0.22373186470821632,1.8695693597560976,2.7993192457787948,RAB7B;TUBA4A;RHOB,0.48737864471818804
Reactome_2022,Signaling By BRAF And RAF1 Fusions R-HSA-6802952,0.3350607985306605,2.4978562421185373,2.731264111042341,AGTRAP,0.500516014432683
Reactome_2022,Asymmetric Localization Of PCP Proteins R-HSA-4608870,0.3350607985306605,2.4978562421185373,2.731264111042341,FZD8,0.500516014432683
Reactome_2022,TP53 Regulates Transcription Of DNA Repair Genes R-HSA-6796648,0.3350607985306605,2.4978562421185373,2.731264111042341,BRCA1,0.500516014432683
GO_Biological_Process_2023,Fat Cell Differentiation (GO:0045444),0.3350607985306605,2.4978562421185373,2.731264111042341,EGR2,0.4161418094458148
GO_Biological_Process_2023,Positive Regulation Of Apoptotic Signaling Pathway (GO:2001235),0.3350607985306605,2.4978562421185373,2.731264111042341,DDIT3,0.4161418094458148
GO_Biological_Process_2023,Negative Regulation Of Kinase Activity (GO:0033673),0.3350607985306605,2.4978562421185373,2.731264111042341,IRS2,0.4161418094458148
GO_Biological_Process_2023,Cell Junction Organization (GO:0034330),0.3350607985306605,2.4978562421185373,2.731264111042341,TJP2,0.4161418094458148
Reactome_2022,RAB Geranylgeranylation R-HSA-8873719,0.3350607985306605,2.4978562421185373,2.731264111042341,RAB7B,0.500516014432683
Reactome_2022,RHO GTPases Activate PKNs R-HSA-5625740,0.3350607985306605,2.4978562421185373,2.731264111042341,RHOB,0.500516014432683
KEGG_2021_Human,Phagosome,0.26259791271574234,2.038139534883721,2.7252600959035593,RAB7B;TUBA4A,0.4906008948721915
GO_Biological_Process_2023,Regulation Of Cellular Component Organization (GO:0051128),0.2650246391787835,2.02453924739463,2.688451422202456,JADE1;RASGRP2,0.36237748690712046
Reactome_2022,Cellular Response To Starvation R-HSA-9711097,0.2650246391787835,2.02453924739463,2.688451422202456,DDIT3;ASNS,0.45979474022550615
Reactome_2022,Synthesis Of Substrates In N-glycan Biosythesis R-HSA-446219,0.3394296866616383,2.4574441687344915,2.6552400701818284,ST8SIA1,0.5035276375554841
KEGG_2021_Human,Lysine degradation,0.3394296866616383,2.4574441687344915,2.6552400701818284,ALDH3A2,0.5455606810078915
GO_Biological_Process_2023,Regulation Of Cellular Catabolic Process (GO:0031329),0.3394296866616383,2.4574441687344915,2.6552400701818284,DDIT3,0.4206383327537833
GO_Biological_Process_2023,Positive Regulation Of Mitotic Cell Cycle Phase Transition (GO:1901992),0.3394296866616383,2.4574441687344915,2.6552400701818284,ADAMTS1,0.4206383327537833
KEGG_2021_Human,Non-alcoholic fatty liver disease,0.26987825311019525,1.9978720170238637,2.6167814733962427,DDIT3;IRS2,0.4906008948721915
GO_Biological_Process_2023,Cellular Response To Growth Factor Stimulus (GO:0071363),0.26987825311019525,1.9978720170238637,2.6167814733962427,SLC4A7;TGFBR2,0.36627936282441215
KEGG_2021_Human,Cushing syndrome,0.26987825311019525,1.9978720170238637,2.6167814733962427,CREB3L1;FZD8,0.4906008948721915
GO_Biological_Process_2023,Negative Regulation Of Cell Death (GO:0060548),0.34377008725903546,2.418315018315018,2.5822337209874426,CCN3,0.4250798438714586
GO_Biological_Process_2023,Positive Regulation Of Gene Expression (GO:0010628),0.207127724830957,1.620217209690894,2.5509018086920805,TMEM119;SAMD4A;BRCA1;TENT5B;SOX4,0.3215629319198835
Reactome_2022,Signaling By Nuclear Receptors R-HSA-9006931,0.2427769228069095,1.788545719844358,2.5318872672081207,CRABP2;FOXO3;FKBP5,0.4448177816737137
KEGG_2021_Human,Alzheimer disease,0.22325580628589273,1.6830115413655484,2.5235698633336967,DDIT3;FZD8;IRS2;TUBA4A,0.48737864471818804
GO_Biological_Process_2023,Negative Regulation Of Apoptotic Process (GO:0043066),0.2094504614732347,1.613257462314066,2.5219538122995275,TSC22D1;ANXA4;ASNS;CFLAR;TENT5B,0.32429049061233917
GO_Biological_Process_2023,Regulation Of Tyrosine Phosphorylation Of STAT Protein (GO:0042509),0.34808218466161406,2.3804086538461537,2.512084920173941,LIF,0.4280573036757705
KEGG_2021_Human,Cortisol synthesis and secretion,0.34808218466161406,2.3804086538461537,2.512084920173941,CREB3L1,0.5455606810078915
GO_Biological_Process_2023,Canonical Wnt Signaling Pathway (GO:0060070),0.34808218466161406,2.3804086538461537,2.512084920173941,FZD8,0.4280573036757705
GO_Biological_Process_2023,Positive Regulation Of T Cell Proliferation (GO:0042102),0.34808218466161406,2.3804086538461537,2.512084920173941,VCAM1,0.4280573036757705
GO_Biological_Process_2023,Positive Regulation Of Cell Cycle (GO:0045787),0.34808218466161406,2.3804086538461537,2.512084920173941,ASNS,0.4280573036757705
Reactome_2022,Integrin Cell Surface Interactions R-HSA-216083,0.3523661620691548,2.3436686390532544,2.444644221713126,VCAM1,0.5119065416379251
GO_Biological_Process_2023,Peptidyl-Threonine Modification (GO:0018210),0.3523661620691548,2.3436686390532544,2.444644221713126,TGFBR2,0.43237943904555676
KEGG_2021_Human,Acute myeloid leukemia,0.3566222013839577,2.308041958041958,2.379772017624197,ZBTB16,0.5455606810078915
GO_Biological_Process_2023,Regulation Of Neurogenesis (GO:0050767),0.3566222013839577,2.308041958041958,2.379772017624197,HMGB2,0.43569929821257447
Reactome_2022,Collagen Biosynthesis And Modifying Enzymes R-HSA-1650814,0.3566222013839577,2.308041958041958,2.379772017624197,COL1A1,0.513075812313694
Reactome_2022,Sensory Processing Of Sound By Inner Hair Cells Of Cochlea R-HSA-9662360,0.3566222013839577,2.308041958041958,2.379772017624197,CACNB2,0.513075812313694
GO_Biological_Process_2023,Negative Regulation Of Cellular Catabolic Process (GO:0031330),0.3566222013839577,2.308041958041958,2.379772017624197,TIMP4,0.43569929821257447
Reactome_2022,HDR Thru Homologous Recombination (HRR) R-HSA-5685942,0.3566222013839577,2.308041958041958,2.379772017624197,BRCA1,0.513075812313694
GO_Biological_Process_2023,Extrinsic Apoptotic Signaling Pathway (GO:0097191),0.3566222013839577,2.308041958041958,2.379772017624197,SORT1,0.43569929821257447
Reactome_2022,PIP3 Activates AKT Signaling R-HSA-1257604,0.2567930648540501,1.7338443396226415,2.3571348753940033,PHC2;IRS2;FOXO3,0.44913610558786804
Reactome_2022,Signaling By Receptor Tyrosine Kinases R-HSA-9006934,0.22594413969235683,1.5661267901593767,2.329562669549428,EGR2;FLRT3;ADAM12;IRS2;DNM1,0.4331206098858365
GO_Biological_Process_2023,Neuropeptide Signaling Pathway (GO:0007218),0.3608504834564241,2.2734787600459243,2.3173377567270332,SORT1,0.43895664870673234
GO_Biological_Process_2023,B Cell Differentiation (GO:0030183),0.3608504834564241,2.2734787600459243,2.3173377567270332,VCAM1,0.43895664870673234
GO_Biological_Process_2023,Regulation Of Monoatomic Ion Transmembrane Transporter Activity (GO:0032412),0.36505118796267055,2.2399321266968326,2.257219237966515,TRPC6,0.44262948788569767
GO_Biological_Process_2023,Cellular Response To Calcium Ion (GO:0071277),0.36505118796267055,2.2399321266968326,2.257219237966515,RASGRP2,0.44262948788569767
Reactome_2022,Loss Of Nlp From Mitotic Centrosomes R-HSA-380259,0.36505118796267055,2.2399321266968326,2.257219237966515,TUBA4A,0.5201687854036776
Reactome_2022,Diseases Associated With O-glycosylation Of Proteins R-HSA-3906995,0.36505118796267055,2.2399321266968326,2.257219237966515,ADAMTS1,0.5201687854036776
GO_Biological_Process_2023,Response To Molecule Of Bacterial Origin (GO:0002237),0.36505118796267055,2.2399321266968326,2.257219237966515,HMGB2,0.44262948788569767
Reactome_2022,Circadian Clock R-HSA-400253,0.36505118796267055,2.2399321266968326,2.257219237966515,PER1,0.5201687854036776
KEGG_2021_Human,Prion disease,0.26561093861932084,1.7013020833333334,2.255454753437492,CREB3L1;DDIT3;TUBA4A,0.4906008948721915
GO_Biological_Process_2023,Chemical Synaptic Transmission (GO:0007268),0.26561093861932084,1.7013020833333334,2.255454753437492,CACNB2;SLC6A9;SYN2,0.36237748690712046
Reactome_2022,Neuronal System R-HSA-112316,0.2471379330638518,1.60671146473183,2.245875207176538,CACNB2;MAOA;PDLIM5;SYN2,0.4448177816737137
GO_Biological_Process_2023,Plasma Membrane Bounded Cell Projection Assembly (GO:0120031),0.2691488535590441,1.688620174632353,2.2162982640129347,FGD4;ABLIM1;RAP2B,0.3662509823248978
Reactome_2022,SUMO E3 Ligases SUMOylate Target Proteins R-HSA-3108232,0.30138004232050863,1.8401980013075558,2.2071025887324356,PHC2;BRCA1,0.488783632272534
KEGG_2021_Human,Prolactin signaling pathway,0.3692244932955234,2.2073578595317724,2.1993019679968873,FOXO3,0.5455606810078915
GO_Biological_Process_2023,Regulation Of Notch Signaling Pathway (GO:0008593),0.3692244932955234,2.2073578595317724,2.1993019679968873,CCN3,0.44576619813551915
GO_Biological_Process_2023,Regulation Of G Protein-Coupled Receptor Signaling Pathway (GO:0008277),0.3692244932955234,2.2073578595317724,2.1993019679968873,KCTD12,0.44576619813551915
GO_Biological_Process_2023,Regulation Of Actin Filament Polymerization (GO:0030833),0.3692244932955234,2.2073578595317724,2.1993019679968873,MYADM,0.44576619813551915
GO_Biological_Process_2023,Protein K48-linked Ubiquitination (GO:0070936),0.3692244932955234,2.2073578595317724,2.1993019679968873,TRIM45,0.44576619813551915
GO_Biological_Process_2023,Brain Development (GO:0007420),0.3037963777984633,1.8290860140184746,2.1791687090105323,EGR2;TGFBR2,0.3889147251087389
KEGG_2021_Human,Adherens junction,0.3733705769010774,2.1757142857142857,2.1434785738462874,TGFBR2,0.5455606810078915
Reactome_2022,"Plasma Lipoprotein Assembly, Remodeling, And Clearance R-HSA-174824",0.3733705769010774,2.1757142857142857,2.1434785738462874,TRNP1,0.525310023021705
GO_Biological_Process_2023,Synapse Assembly (GO:0007416),0.3733705769010774,2.1757142857142857,2.1434785738462874,FLRT3,0.4478853024939285
GO_Biological_Process_2023,Positive Regulation Of Cell-Substrate Adhesion (GO:0010811),0.3733705769010774,2.1757142857142857,2.1434785738462874,MYADM,0.4478853024939285
GO_Biological_Process_2023,Regulation Of Hydrolase Activity (GO:0051336),0.3733705769010774,2.1757142857142857,2.1434785738462874,FGD4,0.4478853024939285
GO_Biological_Process_2023,Negative Regulation Of Cellular Response To Growth Factor Stimulus (GO:0090288),0.3733705769010774,2.1757142857142857,2.1434785738462874,CREB3L1,0.4478853024939285
Reactome_2022,Diseases Of Programmed Cell Death R-HSA-9645723,0.3733705769010774,2.1757142857142857,2.1434785738462874,FOXO3,0.525310023021705
GO_Biological_Process_2023,Protein Autoubiquitination (GO:0051865),0.3733705769010774,2.1757142857142857,2.1434785738462874,BRCA1,0.4478853024939285
GO_Biological_Process_2023,Lipid Biosynthetic Process (GO:0008610),0.3733705769010774,2.1757142857142857,2.1434785738462874,ACSL1,0.4478853024939285
Reactome_2022,Deubiquitination R-HSA-5688426,0.2762410733263138,1.6638077445652173,2.1404576174347207,SMAD1;BRCA1;TGFBR2,0.46667999508915137
GO_Biological_Process_2023,Monoatomic Cation Transmembrane Transport (GO:0098655),0.27979463927219766,1.6516692895683454,2.103730143606816,SLC6A6;TRPC6;SLC6A9,0.3733482774789054
Reactome_2022,AURKA Activation By TPX2 R-HSA-8854518,0.37748961494275957,2.144962080173348,2.089648271564957,TUBA4A,0.5264616052405114
Reactome_2022,Interferon Alpha/Beta Signaling R-HSA-909733,0.37748961494275957,2.144962080173348,2.089648271564957,SAMHD1,0.5264616052405114
GO_Biological_Process_2023,Negative Regulation Of Cell Adhesion (GO:0007162),0.37748961494275957,2.144962080173348,2.089648271564957,DUSP1,0.4509015166797681
KEGG_2021_Human,Melanoma,0.37748961494275957,2.144962080173348,2.089648271564957,GADD45B,0.5455606810078915
GO_Biological_Process_2023,Positive Regulation Of Protein Localization To Nucleus (GO:1900182),0.37748961494275957,2.144962080173348,2.089648271564957,LIF,0.4509015166797681
GO_Biological_Process_2023,Transforming Growth Factor Beta Receptor Signaling Pathway (GO:0007179),0.37748961494275957,2.144962080173348,2.089648271564957,TGFBR2,0.4509015166797681
Reactome_2022,Immune System R-HSA-168256,0.20199240581160366,1.2954220347013832,2.072060159707763,SERPINA3;VCAM1;CEBPD;MAOA;ZBTB16;LIF;IRS2;FOXO3;RASGRP2;SAMHD1;DNM1;MT2A;RAP2B;STOM;AP1M1;TRIM45,0.41876187017803124
Reactome_2022,Fatty Acid Metabolism R-HSA-8978868,0.3134465930813446,1.7859377124983,2.0719132933198137,ALDH3A2;ACSL1,0.4957346826747506
GO_Biological_Process_2023,Inorganic Cation Transmembrane Transport (GO:0098662),0.2851332837417011,1.633785587188612,2.0500717789235554,SLC6A6;TRPC6;SLC6A9,0.3761617499127606
GO_Biological_Process_2023,Transmembrane Receptor Protein Tyrosine Kinase Signaling Pathway (GO:0007169),0.2851332837417011,1.633785587188612,2.0500717789235554,FLRT3;SORT1;IRS2,0.3761617499127606
Reactome_2022,SUMOylation R-HSA-2990846,0.31585495151582393,1.775464214890932,2.046173123062374,PHC2;BRCA1,0.4977784748270582
GO_Biological_Process_2023,Cellular Response To Reactive Oxygen Species (GO:0034614),0.3815817824645011,2.1150641025641024,2.037716378427825,RHOB,0.4543410206462915
KEGG_2021_Human,p53 signaling pathway,0.3815817824645011,2.1150641025641024,2.037716378427825,GADD45B,0.5455606810078915
KEGG_2021_Human,Inositol phosphate metabolism,0.3815817824645011,2.1150641025641024,2.037716378427825,IMPA2,0.5455606810078915
Reactome_2022,Extra-nuclear Estrogen Signaling R-HSA-9009391,0.3815817824645011,2.1150641025641024,2.037716378427825,FOXO3,0.5290579645348484
GO_Biological_Process_2023,Regulation Of Rho Protein Signal Transduction (GO:0035023),0.3815817824645011,2.1150641025641024,2.037716378427825,ARHGEF2,0.4543410206462915
GO_Biological_Process_2023,Protein Tetramerization (GO:0051262),0.3815817824645011,2.1150641025641024,2.037716378427825,SAMHD1,0.4543410206462915
KEGG_2021_Human,PPAR signaling pathway,0.38564725347575407,2.0859852476290834,1.9875938676772533,ACSL1,0.5455606810078915
Reactome_2022,NoRC Negatively Regulates rRNA Expression R-HSA-427413,0.38564725347575407,2.0859852476290834,1.9875938676772533,SAP30,0.5325036379262734
GO_Biological_Process_2023,DNA Metabolic Process (GO:0006259),0.2922650814167487,1.6105263157894736,1.9810988794184015,HMGB2;BRCA1;SAMHD1,0.3817034726894623
GO_Biological_Process_2023,Negative Regulation Of Cytokine Production (GO:0001818),0.32546920591785894,1.7347603946441155,1.947246732338217,ANXA4;DDIT3,0.40788674268654407
GO_Biological_Process_2023,Defense Response To Gram-negative Bacterium (GO:0050829),0.3896862007199225,2.0576923076923075,1.9391969628488115,HMGB2,0.46203300591687013
GO_Biological_Process_2023,Nucleosome Organization (GO:0034728),0.3896862007199225,2.0576923076923075,1.9391969628488115,HMGB2,0.46203300591687013
Reactome_2022,Nuclear Envelope (NE) Reassembly R-HSA-2995410,0.3896862007199225,2.0576923076923075,1.9391969628488115,TUBA4A,0.5331289739910596
Reactome_2022,Sensory Processing Of Sound R-HSA-9659379,0.3896862007199225,2.0576923076923075,1.9391969628488115,CACNB2,0.5331289739910596
GO_Biological_Process_2023,Regulation Of DNA Replication (GO:0006275),0.3896862007199225,2.0576923076923075,1.9391969628488115,JADE1,0.46203300591687013
GO_Biological_Process_2023,Regulation Of Fat Cell Differentiation (GO:0045598),0.3896862007199225,2.0576923076923075,1.9391969628488115,ZBTB16,0.46203300591687013
KEGG_2021_Human,Glioma,0.3896862007199225,2.0576923076923075,1.9391969628488115,GADD45B,0.5455606810078915
KEGG_2021_Human,Pathways in cancer,0.2687288403614205,1.4592763594664735,1.9175656552150686,GADD45B;ZBTB16;FZD8;RASGRP2;TGFBR2,0.4906008948721915
GO_Biological_Process_2023,Regulation Of Ras Protein Signal Transduction (GO:0046578),0.3936987960431698,2.030153846153846,1.8924467629967627,ARHGEF2,0.46513858068201686
GO_Biological_Process_2023,Wnt Signaling Pathway (GO:0016055),0.3936987960431698,2.030153846153846,1.8924467629967627,FZD8,0.46513858068201686
Reactome_2022,G2/M Transition R-HSA-69275,0.33504910712102853,1.6958656330749353,1.8543920481373337,PHLDA1;TUBA4A,0.500516014432683
GO_Biological_Process_2023,Sphingolipid Biosynthetic Process (GO:0030148),0.39768520999592366,2.0033400809716597,1.847268902960126,ST8SIA1,0.46513858068201686
GO_Biological_Process_2023,Embryonic Organ Development (GO:0048568),0.39768520999592366,2.0033400809716597,1.847268902960126,TGFBR2,0.46513858068201686
GO_Biological_Process_2023,Positive Regulation Of Response To Stimulus (GO:0048584),0.39768520999592366,2.0033400809716597,1.847268902960126,BRCA1,0.46513858068201686
GO_Biological_Process_2023,Regulation Of Immune Response (GO:0050776),0.39768520999592366,2.0033400809716597,1.847268902960126,SAMHD1,0.46513858068201686
KEGG_2021_Human,Arrhythmogenic right ventricular cardiomyopathy,0.39768520999592366,2.0033400809716597,1.847268902960126,CACNB2,0.547632092453403
KEGG_2021_Human,Bacterial invasion of epithelial cells,0.39768520999592366,2.0033400809716597,1.847268902960126,DNM1,0.547632092453403
Reactome_2022,Signaling By Insulin Receptor R-HSA-74752,0.39768520999592366,2.0033400809716597,1.847268902960126,IRS2,0.5369333183436804
Reactome_2022,Biosynthesis Of N-glycan Precursor (Dolichol LLO) And Transfer To Protein R-HSA-446193,0.39768520999592366,2.0033400809716597,1.847268902960126,ST8SIA1,0.5369333183436804
Reactome_2022,G2/M DNA Damage Checkpoint R-HSA-69473,0.39768520999592366,2.0033400809716597,1.847268902960126,BRCA1,0.5369333183436804
Reactome_2022,Negative Epigenetic Regulation Of rRNA Expression R-HSA-5250941,0.39768520999592366,2.0033400809716597,1.847268902960126,SAP30,0.5369333183436804
GO_Biological_Process_2023,Negative Regulation Of Transforming Growth Factor Beta Receptor Signaling Pathway (GO:0030512),0.39768520999592366,2.0033400809716597,1.847268902960126,SAP30,0.46513858068201686
GO_Biological_Process_2023,Positive Regulation Of JNK Cascade (GO:0046330),0.39768520999592366,2.0033400809716597,1.847268902960126,GADD45B,0.46513858068201686
GO_Biological_Process_2023,Chloride Transport (GO:0006821),0.39768520999592366,2.0033400809716597,1.847268902960126,CLIC2,0.46513858068201686
GO_Biological_Process_2023,Regulation Of T Cell Proliferation (GO:0042129),0.39768520999592366,2.0033400809716597,1.847268902960126,VCAM1,0.46513858068201686
GO_Biological_Process_2023,Negative Regulation Of Blood Vessel Morphogenesis (GO:2000181),0.39768520999592366,2.0033400809716597,1.847268902960126,AMOT,0.46513858068201686
GO_Biological_Process_2023,Positive Regulation Of Endothelial Cell Proliferation (GO:0001938),0.39768520999592366,2.0033400809716597,1.847268902960126,HMGB2,0.46513858068201686
Reactome_2022,Mitotic G2-G2/M Phases R-HSA-453274,0.33982470606323034,1.6770593747337934,1.810092721302234,PHLDA1;TUBA4A,0.5035276375554841
GO_Biological_Process_2023,Phosphate-Containing Compound Metabolic Process (GO:0006796),0.33982470606323034,1.6770593747337934,1.810092721302234,DUSP10;IMPA2,0.4206640634527213
GO_Biological_Process_2023,Regulation Of Innate Immune Response (GO:0045088),0.40164561203881466,1.9772227772227773,1.8035932383434459,SAMHD1,0.4673392007573785
Reactome_2022,Constitutive Signaling By Aberrant PI3K In Cancer R-HSA-2219530,0.40164561203881466,1.9772227772227773,1.8035932383434459,IRS2,0.5379397686766106
Reactome_2022,FCERI Mediated NF-kB Activation R-HSA-2871837,0.40164561203881466,1.9772227772227773,1.8035932383434459,RASGRP2,0.5379397686766106
GO_Biological_Process_2023,Positive Regulation Of Tumor Necrosis Factor Production (GO:0032760),0.40164561203881466,1.9772227772227773,1.8035932383434459,ARHGEF2,0.4673392007573785
GO_Biological_Process_2023,Negative Regulation Of Protein Modification Process (GO:0031400),0.40164561203881466,1.9772227772227773,1.8035932383434459,MYADM,0.4673392007573785
GO_Biological_Process_2023,Long-Chain Fatty Acid Metabolic Process (GO:0001676),0.40164561203881466,1.9772227772227773,1.8035932383434459,ACSL1,0.4673392007573785
GO_Biological_Process_2023,Organonitrogen Compound Catabolic Process (GO:1901565),0.40164561203881466,1.9772227772227773,1.8035932383434459,TST,0.4673392007573785
Reactome_2022,Metabolism Of Vitamins And Cofactors R-HSA-196854,0.3445899867813352,1.6586619480957197,1.7671384607694909,NNMT;QPRT,0.5072182643712062
KEGG_2021_Human,Alcoholism,0.3445899867813352,1.6586619480957197,1.7671384607694909,MAOA;CREB3L1,0.5455606810078915
GO_Biological_Process_2023,Negative Regulation Of Macromolecule Metabolic Process (GO:0010605),0.3445899867813352,1.6586619480957197,1.7671384607694909,CREB3L1;MYADM,0.4256254342222206
Reactome_2022,Mitotic Prometaphase R-HSA-68877,0.3445899867813352,1.6586619480957197,1.7671384607694909,CENPP;TUBA4A,0.5072182643712062
GO_Biological_Process_2023,Vesicle Fusion (GO:0006906),0.4055801707455224,1.951775147928994,1.7613535560282274,RAB7B,0.4699712493999662
GO_Biological_Process_2023,Cellular Response To UV (GO:0034644),0.4055801707455224,1.951775147928994,1.7613535560282274,MFAP4,0.4699712493999662
GO_Biological_Process_2023,Regulation Of Neuron Differentiation (GO:0045664),0.4055801707455224,1.951775147928994,1.7613535560282274,ARHGEF2,0.4699712493999662
GO_Biological_Process_2023,Positive Regulation Of Protein Modification By Small Protein Conjugation Or Removal (GO:1903322),0.4055801707455224,1.951775147928994,1.7613535560282274,BRCA1,0.4699712493999662
Reactome_2022,ESR-mediated Signaling R-HSA-8939211,0.34934440646821713,1.6406601650412602,1.725477382397879,FOXO3;FKBP5,0.5091751806693622
GO_Biological_Process_2023,Axonogenesis (GO:0007409),0.34934440646821713,1.6406601650412602,1.725477382397879,SEMA6D;NEXN,0.42914001406587543
GO_Biological_Process_2023,Calcium Ion Transmembrane Transport (GO:0070588),0.4094890533403055,1.9269717624148004,1.720487310971666,TRPC6,0.47255204923460303
GO_Biological_Process_2023,Negative Regulation Of Protein Serine/Threonine Kinase Activity (GO:0071901),0.4094890533403055,1.9269717624148004,1.720487310971666,DUSP1,0.47255204923460303
Reactome_2022,Recruitment Of NuMA To Mitotic Centrosomes R-HSA-380320,0.4094890533403055,1.9269717624148004,1.720487310971666,TUBA4A,0.5419350676254489
Reactome_2022,Processing Of DNA Double-Strand Break Ends R-HSA-5693607,0.4094890533403055,1.9269717624148004,1.720487310971666,BRCA1,0.5419350676254489
GO_Biological_Process_2023,Wound Healing (GO:0042060),0.4094890533403055,1.9269717624148004,1.720487310971666,CFLAR,0.47255204923460303
GO_Biological_Process_2023,Glycoprotein Biosynthetic Process (GO:0009101),0.4094890533403055,1.9269717624148004,1.720487310971666,ST8SIA1,0.47255204923460303
KEGG_2021_Human,Huntington disease,0.32447942343810726,1.5134591584158417,1.7034484613849172,GPX3;CREB3L1;TUBA4A,0.5451254313760202
Reactome_2022,Intracellular Signaling By Second Messengers R-HSA-9006925,0.32447942343810726,1.5134591584158417,1.7034484613849172,PHC2;IRS2;FOXO3,0.500516014432683
GO_Biological_Process_2023,Histone Modification (GO:0016570),0.41337242618858927,1.9027884615384616,1.6809353792517892,JADE1,0.4760559498319409
GO_Biological_Process_2023,Activation Of Protein Kinase Activity (GO:0032147),0.41337242618858927,1.9027884615384616,1.6809353792517892,TGFBR2,0.4760559498319409
Reactome_2022,Centrosome Maturation R-HSA-380287,0.41337242618858927,1.9027884615384616,1.6809353792517892,TUBA4A,0.5454559233139373
GO_Biological_Process_2023,Transcription By RNA Polymerase II (GO:0006366),0.3588185700850045,1.6057935536515708,1.6458394660507305,TSC22D1;CEBPD,0.43743174921425715
GO_Biological_Process_2023,Neuron Projection Development (GO:0031175),0.3588185700850045,1.6057935536515708,1.6458394660507305,FLRT3;OMG,0.43743174921425715
KEGG_2021_Human,Chemokine signaling pathway,0.3588185700850045,1.6057935536515708,1.6458394660507305,FOXO3;RASGRP2,0.5455606810078915
GO_Biological_Process_2023,Regulation Of Phosphorylation (GO:0042325),0.41723045440387496,1.8792022792022791,1.6426418344463662,LDB2,0.4795163913598727
GO_Biological_Process_2023,Positive Regulation Of Tumor Necrosis Factor Superfamily Cytokine Production (GO:1903557),0.41723045440387496,1.8792022792022791,1.6426418344463662,ARHGEF2,0.4795163913598727
KEGG_2021_Human,Peroxisome,0.41723045440387496,1.8792022792022791,1.6426418344463662,ACSL1,0.560757730718808
Reactome_2022,Signaling By GPCR R-HSA-372790,0.2974911405261433,1.3483572474377745,1.6347090008540879,FGD4;TRPC6;FZD8;ARHGEF2;RASGRP2;RHOB,0.4842374039221164
GO_Biological_Process_2023,Vesicle-Mediated Transport To The Plasma Membrane (GO:0098876),0.42106330223634186,1.8561913696060037,1.6055537376823723,STEAP2,0.48342712126011056
GO_Biological_Process_2023,Positive Regulation Of Protein Ubiquitination (GO:0031398),0.42487113264784415,1.8337349397590361,1.569620947250916,BRCA1,0.48730117662875183
KEGG_2021_Human,Pathogenic Escherichia coli infection,0.37059111628684904,1.564221824686941,1.5527340804059586,ARHGEF2;TUBA4A,0.5455606810078915
Reactome_2022,MAPK Family Signaling Cascades R-HSA-5683057,0.34598252778735517,1.4549107142857143,1.5441942243432596,DUSP10;IRS2;FOXO3,0.5075927874775014
Reactome_2022,TCF Dependent Signaling In Response To WNT R-HSA-201681,0.372935675611811,1.5561619996835945,1.5349193389941884,FZD8;SOX4,0.525310023021705
GO_Biological_Process_2023,Positive Regulation Of Endothelial Cell Migration (GO:0010595),0.4286541078283712,1.8118131868131868,1.534795938460661,RHOB,0.4886482933053643
GO_Biological_Process_2023,Positive Regulation Of Protein Localization (GO:1903829),0.4286541078283712,1.8118131868131868,1.534795938460661,LIF,0.4886482933053643
GO_Biological_Process_2023,Calcium-Mediated Signaling (GO:0019722),0.4286541078283712,1.8118131868131868,1.534795938460661,VCAM1,0.4886482933053643
GO_Biological_Process_2023,Defense Response To Gram-positive Bacterium (GO:0050830),0.4286541078283712,1.8118131868131868,1.534795938460661,HMGB2,0.4886482933053643
GO_Biological_Process_2023,Nuclear-Transcribed mRNA Catabolic Process (GO:0000956),0.4286541078283712,1.8118131868131868,1.534795938460661,SAMD4A,0.4886482933053643
GO_Biological_Process_2023,Integrin-Mediated Signaling Pathway (GO:0007229),0.4286541078283712,1.8118131868131868,1.534795938460661,ADAMTS1,0.4886482933053643
GO_Biological_Process_2023,Anterograde Trans-Synaptic Signaling (GO:0098916),0.37527678507139006,1.5481840003147995,1.5173618734733652,CACNB2;SYN2,0.4496920111090005
GO_Biological_Process_2023,Exocytosis (GO:0006887),0.43241238866754017,1.7904072398190045,1.5010336413104233,STEAP2,0.49243315588887043
Reactome_2022,Signaling By FGFR R-HSA-190236,0.43241238866754017,1.7904072398190045,1.5010336413104233,FLRT3,0.5632329631361552
KEGG_2021_Human,Insulin secretion,0.43241238866754017,1.7904072398190045,1.5010336413104233,CREB3L1,0.5684286542845374
GO_Biological_Process_2023,Organelle Assembly (GO:0070925),0.3531410417093481,1.4363734326018809,1.4951035107996116,ABLIM1;HPS5;AP1M1,0.4328577217898662
Reactome_2022,Regulation Of PLK1 Activity At G2/M Transition R-HSA-2565942,0.43614613519360557,1.769499105545617,1.4682912860531891,TUBA4A,0.5632329631361552
GO_Biological_Process_2023,Glucose Homeostasis (GO:0042593),0.43614613519360557,1.769499105545617,1.4682912860531891,SOX4,0.4951800565228411
GO_Biological_Process_2023,Regulation Of Type II Interferon Production (GO:0032649),0.43614613519360557,1.769499105545617,1.4682912860531891,DDIT3,0.4951800565228411
KEGG_2021_Human,Cardiac muscle contraction,0.43614613519360557,1.769499105545617,1.4682912860531891,CACNB2,0.5684286542845374
KEGG_2021_Human,Epstein-Barr virus infection,0.38227886557300383,1.5247286821705426,1.4661866056690565,GADD45B;SAP30,0.5455606810078915
KEGG_2021_Human,Diabetic cardiomyopathy,0.3846056310243997,1.5170658336225848,1.4496122391573458,COL1A1;TGFBR2,0.5455606810078915
KEGG_2021_Human,Viral carcinogenesis,0.3846056310243997,1.5170658336225848,1.4496122391573458,EGR2;CREB3L1,0.5455606810078915
Reactome_2022,Meiosis R-HSA-1500620,0.4398555062916063,1.7490716180371353,1.436528262928994,BRCA1,0.5632329631361552
KEGG_2021_Human,ECM-receptor interaction,0.4398555062916063,1.7490716180371353,1.436528262928994,COL1A1,0.5684286542845374
KEGG_2021_Human,Gap junction,0.4398555062916063,1.7490716180371353,1.436528262928994,TUBA4A,0.5684286542845374
Reactome_2022,PCP/CE Pathway R-HSA-4086400,0.4398555062916063,1.7490716180371353,1.436528262928994,FZD8,0.5632329631361552
Reactome_2022,Protein-protein Interactions At Synapses R-HSA-6794362,0.4398555062916063,1.7490716180371353,1.436528262928994,PDLIM5,0.5632329631361552
GO_Biological_Process_2023,Regulation Of Endothelial Cell Migration (GO:0010594),0.4398555062916063,1.7490716180371353,1.436528262928994,RHOB,0.49738188035388886
GO_Biological_Process_2023,Negative Regulation Of Protein Kinase Activity (GO:0006469),0.4398555062916063,1.7490716180371353,1.436528262928994,DUSP10,0.49738188035388886
GO_Biological_Process_2023,Positive Regulation Of Cell Adhesion (GO:0045785),0.4398555062916063,1.7490716180371353,1.436528262928994,LIF,0.49738188035388886
Reactome_2022,Transcriptional Regulation By RUNX1 R-HSA-8878171,0.3869286785220949,1.5094788548622304,1.4332726581317348,PHC2;LDB2,0.5326240451260935
KEGG_2021_Human,Proteoglycans in cancer,0.38924795695111125,1.5019666246610914,1.4171636619529442,COL1A1;FZD8,0.5455606810078915
GO_Biological_Process_2023,Cellular Response To Peptide Hormone Stimulus (GO:0071375),0.4435406599599452,1.7291083916083916,1.4057059898196773,IRS2,0.4985397017949784
GO_Biological_Process_2023,Positive Regulation Of DNA Repair (GO:0045739),0.4435406599599452,1.7291083916083916,1.4057059898196773,BRCA1,0.4985397017949784
GO_Biological_Process_2023,Organic Anion Transport (GO:0015711),0.4435406599599452,1.7291083916083916,1.4057059898196773,SLC4A7,0.4985397017949784
GO_Biological_Process_2023,Cellular Response To Chemical Stress (GO:0062197),0.4435406599599452,1.7291083916083916,1.4057059898196773,FOXO3,0.4985397017949784
Reactome_2022,Peptide Hormone Metabolism R-HSA-2980736,0.4435406599599452,1.7291083916083916,1.4057059898196773,AOPEP,0.5632329631361552
Reactome_2022,RAB GEFs Exchange GTP For GDP On RABs R-HSA-8876198,0.4435406599599452,1.7291083916083916,1.4057059898196773,RAB7B,0.5632329631361552
Reactome_2022,Sphingolipid Metabolism R-HSA-428157,0.4435406599599452,1.7291083916083916,1.4057059898196773,ALDH3A2,0.5632329631361552
GO_Biological_Process_2023,Sensory Perception Of Mechanical Stimulus (GO:0050954),0.4435406599599452,1.7291083916083916,1.4057059898196773,COL1A1,0.4985397017949784
GO_Biological_Process_2023,Positive Regulation Of Peptidyl-Serine Phosphorylation (GO:0033138),0.4435406599599452,1.7291083916083916,1.4057059898196773,LIF,0.4985397017949784
Reactome_2022,Cellular Responses To Stress R-HSA-2262752,0.3355477316488167,1.284,1.402116524249526,PHC2;GPX3;CREB3L1;DDIT3;ASNS;FKBP5,0.500516014432683
KEGG_2021_Human,Human papillomavirus infection,0.3692134304916595,1.396317644817073,1.3912635331004175,COL1A1;CREB3L1;FZD8,0.5455606810078915
Reactome_2022,MAPK6/MAPK4 Signaling R-HSA-5687128,0.4472017530075081,1.7095937770095073,1.3757877914896541,FOXO3,0.5632329631361552
KEGG_2021_Human,Hypertrophic cardiomyopathy,0.4472017530075081,1.7095937770095073,1.3757877914896541,CACNB2,0.5730814397719644
Reactome_2022,Regulation Of TP53 Activity Thru Phosphorylation R-HSA-6804756,0.4472017530075081,1.7095937770095073,1.3757877914896541,BRCA1,0.5632329631361552
Reactome_2022,Collagen Formation R-HSA-1474290,0.4472017530075081,1.7095937770095073,1.3757877914896541,COL1A1,0.5632329631361552
Reactome_2022,Chaperonin-mediated Protein Folding R-HSA-390466,0.4472017530075081,1.7095937770095073,1.3757877914896541,TUBA4A,0.5632329631361552
GO_Biological_Process_2023,Protein Stabilization (GO:0050821),0.3961826790988379,1.479867539700459,1.3701795552758316,PER3;SOX4,0.46513858068201686
Reactome_2022,Signaling By ROBO Receptors R-HSA-376176,0.3984863864837628,1.4726435231996404,1.3549527145151752,FLRT3;LDB2,0.5369333183436804
Reactome_2022,EPH-Ephrin Signaling R-HSA-2682334,0.45083894134441127,1.6905128205128206,1.346738785032599,DNM1,0.5632329631361552
Reactome_2022,Signaling By TGF-beta Receptor Complex R-HSA-170834,0.45083894134441127,1.6905128205128206,1.346738785032599,TGFBR2,0.5632329631361552
Reactome_2022,HCMV Late Events R-HSA-9610379,0.45083894134441127,1.6905128205128206,1.346738785032599,CEBPD,0.5632329631361552
Reactome_2022,Activation Of HOX Genes During Differentiation R-HSA-5619507,0.45083894134441127,1.6905128205128206,1.346738785032599,EGR2,0.5632329631361552
GO_Biological_Process_2023,Regulation Of Epithelial Cell Proliferation (GO:0050678),0.45083894134441127,1.6905128205128206,1.346738785032599,DUSP10,0.5052272882064989
GO_Biological_Process_2023,Positive Regulation Of MAP Kinase Activity (GO:0043406),0.45083894134441127,1.6905128205128206,1.346738785032599,NEK10,0.5052272882064989
KEGG_2021_Human,Small cell lung cancer,0.45445237990743537,1.6718512256973797,1.318525774673755,GADD45B,0.5740451114620236
Reactome_2022,Class B/2 (Secretin Family Receptors) R-HSA-373080,0.45445237990743537,1.6718512256973797,1.318525774673755,FZD8,0.5645842937011593
GO_Biological_Process_2023,Sensory Perception Of Sound (GO:0007605),0.45445237990743537,1.6718512256973797,1.318525774673755,COL1A1,0.5074916208642303
GO_Biological_Process_2023,B Cell Activation (GO:0042113),0.45445237990743537,1.6718512256973797,1.318525774673755,VCAM1,0.5074916208642303
Reactome_2022,Neutrophil Degranulation R-HSA-6798695,0.3676106528102244,1.3172006516426826,1.3181634062010625,SERPINA3;RAP2B;STOM;AP1M1,0.5221476151380894
KEGG_2021_Human,Human immunodeficiency virus 1 infection,0.40537324901120714,1.4513842746400887,1.3105231256809875,SAMHD1;AP1M1,0.5536805352348195
Reactome_2022,G Alpha (Q) Signaling Events R-HSA-416476,0.40537324901120714,1.4513842746400887,1.3105231256809875,TRPC6;RASGRP2,0.5397458587730091
GO_Biological_Process_2023,Regulation Of Peptidyl-Serine Phosphorylation (GO:0033135),0.4580422225383953,1.6535953177257525,1.2911171539636295,LIF,0.5102472330358339
Reactome_2022,Oxidative Stress Induced Senescence R-HSA-2559580,0.4580422225383953,1.6535953177257525,1.2911171539636295,PHC2,0.5658914993133637
GO_Biological_Process_2023,Regulation Of Endothelial Cell Proliferation (GO:0001936),0.4580422225383953,1.6535953177257525,1.2911171539636295,HMGB2,0.5102472330358339
Reactome_2022,Unattached Kinetochores Signal Amplification Via A MAD2 Inhibitory Signal R-HSA-141444,0.4580422225383953,1.6535953177257525,1.2911171539636295,CENPP,0.5658914993133637
KEGG_2021_Human,Lipid and atherosclerosis,0.41222277333195695,1.4307238781526368,1.2678951447925606,VCAM1;DDIT3,0.5584953703207158
GO_Biological_Process_2023,Sphingolipid Metabolic Process (GO:0006665),0.46160862222211885,1.6357320099255583,1.2644828133338064,TEX2,0.5113655706302277
GO_Biological_Process_2023,Peptidyl-Lysine Modification (GO:0018205),0.46160862222211885,1.6357320099255583,1.2644828133338064,EGR2,0.5113655706302277
GO_Biological_Process_2023,Cellular Response To Hormone Stimulus (GO:0032870),0.46160862222211885,1.6357320099255583,1.2644828133338064,KLF9,0.5113655706302277
GO_Biological_Process_2023,"Retrograde Transport, Endosome To Golgi (GO:0042147)",0.46160862222211885,1.6357320099255583,1.2644828133338064,RAB7B,0.5113655706302277
KEGG_2021_Human,Pathways of neurodegeneration,0.37802967249440805,1.29715632679673,1.2618510883377585,GPX3;DDIT3;FZD8;TUBA4A,0.5455606810078915
Reactome_2022,UCH Proteinases R-HSA-5689603,0.4651517307541396,1.6182487725040917,1.2385940558980708,TGFBR2,0.5683771833324556
Reactome_2022,Metabolism Of Nucleotides R-HSA-15869,0.4651517307541396,1.6182487725040917,1.2385940558980708,SAMHD1,0.5683771833324556
GO_Biological_Process_2023,Cell Junction Assembly (GO:0034329),0.4651517307541396,1.6182487725040917,1.2385940558980708,FLRT3,0.5135859974141974
GO_Biological_Process_2023,Positive Regulation Of Epithelial Cell Migration (GO:0010634),0.4651517307541396,1.6182487725040917,1.2385940558980708,RHOB,0.5135859974141974
GO_Biological_Process_2023,Positive Regulation Of Transmembrane Receptor Protein Serine/Threonine Kinase Signaling Pathway (GO:0090100),0.4651517307541396,1.6182487725040917,1.2385940558980708,TGFBR2,0.5135859974141974
Reactome_2022,Transcriptional Regulation By RUNX3 R-HSA-8878159,0.4651517307541396,1.6182487725040917,1.2385940558980708,FOXO3,0.5683771833324556
Reactome_2022,Biological Oxidations R-HSA-211859,0.419033790036336,1.410637381567614,1.2269776390023701,NNMT;MAOA,0.5512951927911677
Reactome_2022,Disease R-HSA-1643685,0.3488348691535986,1.160264418584062,1.221940156909697,CEBPD;MAOA;ABCA4;FZD8;AGTRAP;IRS2;BRCA1;FOXO3;SAP30;TGFBR2;DUSP10;ADAMTS1;AP1M1,0.5091751806693622
GO_Biological_Process_2023,Regulation Of Protein Metabolic Process (GO:0051246),0.4686716991821424,1.6011336032388663,1.2134235161728557,FOXO3,0.5159519979243175
Reactome_2022,Protein Folding R-HSA-391251,0.4686716991821424,1.6011336032388663,1.2134235161728557,TUBA4A,0.5691546760753926
KEGG_2021_Human,Dilated cardiomyopathy,0.4686716991821424,1.6011336032388663,1.2134235161728557,CACNB2,0.5790097650624597
GO_Biological_Process_2023,Cellular Response To Transforming Growth Factor Beta Stimulus (GO:0071560),0.4686716991821424,1.6011336032388663,1.2134235161728557,TGFBR2,0.5159519979243175
Reactome_2022,GPCR Downstream Signaling R-HSA-388396,0.3819656156507201,1.2444418592627062,1.1976815654126831,FGD4;TRPC6;ARHGEF2;RASGRP2;RHOB,0.5290579645348484
Reactome_2022,Anchoring Of Basal Body To Plasma Membrane R-HSA-5620912,0.47216867746164864,1.584375,1.1889450868592453,TUBA4A,0.5691546760753926
Reactome_2022,Potential Therapeutics For SARS R-HSA-9679191,0.47216867746164864,1.584375,1.1889450868592453,SAP30,0.5691546760753926
KEGG_2021_Human,Prostate cancer,0.47216867746164864,1.584375,1.1889450868592453,CREB3L1,0.5790097650624597
KEGG_2021_Human,Fc gamma R-mediated phagocytosis,0.47216867746164864,1.584375,1.1889450868592453,MARCKS,0.5790097650624597
Reactome_2022,EML4 And NUDC In Mitotic Spindle Formation R-HSA-9648025,0.47216867746164864,1.584375,1.1889450868592453,CENPP,0.5691546760753926
GO_Biological_Process_2023,Regulation Of Defense Response (GO:0031347),0.47216867746164864,1.584375,1.1889450868592453,SAMHD1,0.5187855263605993
KEGG_2021_Human,Phosphatidylinositol signaling system,0.47216867746164864,1.584375,1.1889450868592453,IMPA2,0.5790097650624597
Reactome_2022,RUNX1 Regulates Transcription Of Genes Involved In Differentiation Of HSCs R-HSA-8939236,0.47564281459284896,1.5679619349722442,1.1651338487722471,LDB2,0.5702599336247598
GO_Biological_Process_2023,Positive Regulation Of Cold-Induced Thermogenesis (GO:0120162),0.47564281459284896,1.5679619349722442,1.1651338487722471,ACSL1,0.5220923082054318
KEGG_2021_Human,Aldosterone synthesis and secretion,0.47564281459284896,1.5679619349722442,1.1651338487722471,CREB3L1,0.5790434264608596
Reactome_2022,Visual Phototransduction R-HSA-2187338,0.47564281459284896,1.5679619349722442,1.1651338487722471,ABCA4,0.5702599336247598
Reactome_2022,L1CAM Interactions R-HSA-373760,0.4790942585697632,1.5518838304552591,1.141966005927008,DNM1,0.5718915036441897
GO_Biological_Process_2023,Cellular Response To Insulin Stimulus (GO:0032869),0.4790942585697632,1.5518838304552591,1.141966005927008,IRS2,0.5248556984721382
GO_Biological_Process_2023,Positive Regulation Of Protein Modification Process (GO:0031401),0.4347702812509776,1.3658706156359717,1.1376848237584372,NNMT;TMEM119,0.49461720255678016
Reactome_2022,Generic Transcription Pathway R-HSA-212436,0.37773029972413374,1.1673352674171653,1.1364882354776766,COL1A1;SMAD1;PHC2;DDIT3;BRCA1;LDB2;FOXO3;E2F7;FKBP5,0.5264616052405114
GO_Biological_Process_2023,Protein Polyubiquitination (GO:0000209),0.4369999795160923,1.359703765227021,1.125592868133278,BRCA1;TRIM45,0.49564881632299473
GO_Biological_Process_2023,Regulation Of Organelle Organization (GO:0033043),0.4825231566060633,1.5361305361305362,1.1194188238932659,NEXN,0.5275836848494311
GO_Biological_Process_2023,Response To UV (GO:0009411),0.4825231566060633,1.5361305361305362,1.1194188238932659,MFAP4,0.5275836848494311
GO_Biological_Process_2023,Visual Perception (GO:0007601),0.4859296547793063,1.5206923076923078,1.0974705739056227,COL1A1,0.5307919649873083
Reactome_2022,Vesicle-mediated Transport R-HSA-5653656,0.40541449033398663,1.2078686960016074,1.0905185779834219,COL1A1;SORT1;RAB7B;DNM1;AP1M1,0.5397458587730091
KEGG_2021_Human,Amyotrophic lateral sclerosis,0.4273965679468914,1.2665339335180055,1.07660826164328,GPX3;DDIT3;TUBA4A,0.5684286542845374
Reactome_2022,ABC-family Proteins Mediated Transport R-HSA-382556,0.4893138983023021,1.5055597867479056,1.0761004785095143,ABCA4,0.5804095708585818
GO_Biological_Process_2023,Sensory Perception Of Light Stimulus (GO:0050953),0.4893138983023021,1.5055597867479056,1.0761004785095143,COL1A1,0.533969729797852
Reactome_2022,Mitotic Anaphase R-HSA-68882,0.4502782741065434,1.3238287832827773,1.0562690865572664,CENPP;TUBA4A,0.5632329631361552
GO_Biological_Process_2023,Regulation Of I-kappaB kinase/NF-kappaB Signaling (GO:0043122),0.4502782741065434,1.3238287832827773,1.0562690865572664,PER1;CFLAR,0.5052272882064989
KEGG_2021_Human,Ras signaling pathway,0.4502782741065434,1.3238287832827773,1.0562690865572664,RGL1;RASGRP2,0.5730814397719644
KEGG_2021_Human,Protein digestion and absorption,0.49267603140886124,1.4907239819004525,1.0552886617859483,COL1A1,0.5858827707077455
GO_Biological_Process_2023,Mitochondrial Gene Expression (GO:0140053),0.49267603140886124,1.4907239819004525,1.0552886617859483,FOXO3,0.5371172253186809
Reactome_2022,Mitotic Metaphase And Anaphase R-HSA-2555396,0.45247436877338154,1.3180308064028994,1.0452302744741184,CENPP;TUBA4A,0.5636971186394641
Reactome_2022,Phase I - Functionalization Of Compounds R-HSA-211945,0.496016197552214,1.4761762509335326,1.0350161016980663,MAOA,0.5852466246250991
KEGG_2021_Human,C-type lectin receptor signaling pathway,0.496016197552214,1.4761762509335326,1.0350161016980663,EGR2,0.5858827707077455
GO_Biological_Process_2023,Positive Regulation Of GTPase Activity (GO:0043547),0.4546655357742703,1.3122828120823309,1.0343324106783527,RGL1;RASGRP2,0.5074916208642303
GO_Biological_Process_2023,Positive Regulation Of Stress-Activated MAPK Cascade (GO:0032874),0.4993345391220597,1.4619082840236686,1.0152645867761303,GADD45B,0.543322383323519
GO_Biological_Process_2023,Cellular Response To Organonitrogen Compound (GO:0071417),0.4993345391220597,1.4619082840236686,1.0152645867761303,BRCA1,0.543322383323519
GO_Biological_Process_2023,Inflammatory Response (GO:0006954),0.4590329677048006,1.300934207910952,1.0129506257053031,SERPINA3;VCAM1,0.5108446096041545
Reactome_2022,HATs Acetylate Histones R-HSA-3214847,0.5026311976365985,1.447912087912088,0.9960166740217915,JADE1,0.5883819268921862
KEGG_2021_Human,"Parathyroid hormone synthesis, secretion and action",0.5026311976365985,1.447912087912088,0.9960166740217915,CREB3L1,0.5858827707077455
Reactome_2022,"PI5P, PP2A And IER3 Regulate PI3K/AKT Signaling R-HSA-6811558",0.5026311976365985,1.447912087912088,0.9960166740217915,IRS2,0.5883819268921862
GO_Biological_Process_2023,Response To Calcium Ion (GO:0051592),0.5026311976365985,1.447912087912088,0.9960166740217915,RASGRP2,0.5463805281852386
Reactome_2022,Resolution Of Sister Chromatid Cohesion R-HSA-2500257,0.5026311976365985,1.447912087912088,0.9960166740217915,CENPP,0.5883819268921862
Reactome_2022,Chromatin Modifying Enzymes R-HSA-3247509,0.46338033757771313,1.289777952962817,0.9921063571161717,JADE1;SAP30,0.5683771833324556
Reactome_2022,Phase II - Conjugation Of Compounds R-HSA-156580,0.5059063136278865,1.434179970972424,0.9772556502230401,NNMT,0.5891232790549279
KEGG_2021_Human,Glucagon signaling pathway,0.5059063136278865,1.434179970972424,0.9772556502230401,CREB3L1,0.5858827707077455
GO_Biological_Process_2023,Monoatomic Ion Transport (GO:0006811),0.5059063136278865,1.434179970972424,0.9772556502230401,TRPC6,0.5483497555619522
GO_Biological_Process_2023,Positive Regulation Of Autophagy (GO:0010508),0.5059063136278865,1.434179970972424,0.9772556502230401,FOXO3,0.5483497555619522
GO_Biological_Process_2023,Positive Regulation Of T Cell Activation (GO:0050870),0.5059063136278865,1.434179970972424,0.9772556502230401,VCAM1,0.5483497555619522
Reactome_2022,O-linked Glycosylation R-HSA-5173105,0.5059063136278865,1.434179970972424,0.9772556502230401,ADAMTS1,0.5891232790549279
KEGG_2021_Human,Th17 cell differentiation,0.5059063136278865,1.434179970972424,0.9772556502230401,TGFBR2,0.5858827707077455
GO_Biological_Process_2023,Regulation Of Inflammatory Response (GO:0050727),0.4677074223067748,1.2788091980978438,0.9717828959885738,CCN3;TRIM45,0.515901023231418
Reactome_2022,Post-translational Protein Modification R-HSA-597592,0.4205378773643913,1.1133248662216417,0.9643850746264596,SMAD1;PHC2;ST8SIA1;ADAMTS1;ZBTB16;SPARCL1;BRCA1;RAB7B;TGFBR2;PNPLA2,0.5516467450132898
GO_Biological_Process_2023,Regulation Of Autophagy (GO:0010506),0.4698632904887578,1.2733936622230873,0.9618114212044351,DDIT3;FOXO3,0.5167576697743286
KEGG_2021_Human,Drug metabolism,0.5091600269245884,1.420704529115744,0.9589654944443032,MAOA,0.5858827707077455
GO_Biological_Process_2023,Positive Regulation Of Metabolic Process (GO:0009893),0.5091600269245884,1.420704529115744,0.9589654944443032,ACSL1,0.550814119598881
GO_Biological_Process_2023,Positive Regulation Of DNA Metabolic Process (GO:0051054),0.5091600269245884,1.420704529115744,0.9589654944443032,BRCA1,0.550814119598881
Reactome_2022,Degradation Of Extracellular Matrix R-HSA-1474228,0.5123924761587753,1.4074786324786326,0.941130844881334,ADAMTS1,0.5951225113719109
GO_Biological_Process_2023,Cellular Response To Salt (GO:1902075),0.5123924761587753,1.4074786324786326,0.941130844881334,RASGRP2,0.5532460549495325
GO_Biological_Process_2023,Cell-Matrix Adhesion (GO:0007160),0.5123924761587753,1.4074786324786326,0.941130844881334,VCAM1,0.5532460549495325
GO_Biological_Process_2023,Regulation Of ERK1 And ERK2 Cascade (GO:0070372),0.4762998893057615,1.2574155935678135,0.9326347066090511,DUSP10;NEK10,0.5223034883704156
GO_Biological_Process_2023,Positive Regulation Of Intracellular Signal Transduction (GO:1902533),0.4516584377222336,1.169646500521408,0.9296690210180629,DDIT3;RTKN2;LIF;CFLAR,0.5056415179280782
GO_Biological_Process_2023,DNA Damage Response (GO:0006974),0.46177584892320384,1.1988188976377954,0.9262982082802156,DDIT3;BRCA1;SAMHD1,0.5113655706302277
Reactome_2022,Mitotic Spindle Checkpoint R-HSA-69618,0.5156037993562202,1.3944954128440368,0.9237369646702739,CENPP,0.5972968688646083
KEGG_2021_Human,Shigellosis,0.48056487035006973,1.2469818274240692,0.9137796212923354,ARHGEF2;FOXO3,0.5808266058907318
GO_Biological_Process_2023,Cytoskeleton Organization (GO:0007010),0.518794133457392,1.3817482517482518,0.9067697125745418,FGD4,0.5585484731859278
GO_Biological_Process_2023,Regulation Of Transforming Growth Factor Beta Receptor Signaling Pathway (GO:0017015),0.518794133457392,1.3817482517482518,0.9067697125745418,SAP30,0.5585484731859278
GO_Biological_Process_2023,T Cell Activation (GO:0042110),0.518794133457392,1.3817482517482518,0.9067697125745418,SOX4,0.5585484731859278
Reactome_2022,Diseases Of Metabolism R-HSA-5668914,0.4826894642758116,1.241828824553077,0.9045254688259907,MAOA;ADAMTS1,0.5740786695120319
Reactome_2022,Reproduction R-HSA-1474165,0.5251123782377586,1.3569368131868131,0.8740613299953246,BRCA1,0.6025454964358672
KEGG_2021_Human,Cholinergic synapse,0.5251123782377586,1.3569368131868131,0.8740613299953246,CREB3L1,0.5996244177960132
Reactome_2022,Negative Regulation Of PI3K/AKT Network R-HSA-199418,0.5251123782377586,1.3569368131868131,0.8740613299953246,IRS2,0.6025454964358672
KEGG_2021_Human,Endocytosis,0.4932325756771271,1.2166821705426356,0.8599198843736687,DNM1;TGFBR2,0.5858827707077455
KEGG_2021_Human,Leukocyte transendothelial migration,0.5282405585345831,1.344860449285228,0.8582946400248314,VCAM1,0.5996244177960132
GO_Biological_Process_2023,Regulation Of Cytoskeleton Organization (GO:0051493),0.5282405585345831,1.344860449285228,0.8582946400248314,NEXN,0.5665480799550299
Reactome_2022,Selenoamino Acid Metabolism R-HSA-2408522,0.5282405585345831,1.344860449285228,0.8582946400248314,NNMT,0.6025454964358672
Reactome_2022,HDR Thru Homologous Recombination (HRR) Or Single Strand Annealing (SSA) R-HSA-5693567,0.5282405585345831,1.344860449285228,0.8582946400248314,BRCA1,0.6025454964358672
Reactome_2022,Epigenetic Regulation Of Gene Expression R-HSA-212165,0.5344357024328013,1.3213377926421406,0.8278760684748477,SAP30,0.6034387931266566
Reactome_2022,PPARA Activates Gene Expression R-HSA-1989781,0.5344357024328013,1.3213377926421406,0.8278760684748477,ACSL1,0.6034387931266566
GO_Biological_Process_2023,Cellular Response To Molecule Of Bacterial Origin (GO:0071219),0.5375029306097294,1.3098806366047746,0.813201494064047,HMGB2,0.5748366260754861
GO_Biological_Process_2023,Positive Regulation Of Protein Serine/Threonine Kinase Activity (GO:0071902),0.5375029306097294,1.3098806366047746,0.813201494064047,NEK10,0.5748366260754861
GO_Biological_Process_2023,Cellular Response To Oxidative Stress (GO:0034599),0.5375029306097294,1.3098806366047746,0.813201494064047,FOXO3,0.5748366260754861
Reactome_2022,Regulation Of Lipid Metabolism By PPARalpha R-HSA-400206,0.540550104467156,1.2986193293885602,0.7988689854731565,ACSL1,0.6072678755474852
Reactome_2022,Chromosome Maintenance R-HSA-73886,0.540550104467156,1.2986193293885602,0.7988689854731565,CENPP,0.6072678755474852
Reactome_2022,Metabolism Of Proteins R-HSA-392499,0.46956618347214996,1.0560306294754522,0.7983021560036716,SMAD1;PHC2;ST8SIA1;ZBTB16;BRCA1;TUBA4A;TGFBR2;AOPEP;ADAMTS1;SPARCL1;RAB7B;LMCD1;PNPLA2,0.5691546760753926
GO_Biological_Process_2023,Regulation Of Protein Kinase Activity (GO:0045859),0.5435773540502826,1.28754889178618,0.7848682467297439,RAP2B,0.5807803668750168
Reactome_2022,Homology Directed Repair R-HSA-5693538,0.5435773540502826,1.28754889178618,0.7848682467297439,BRCA1,0.6079468963773
Reactome_2022,Gene Expression (Transcription) R-HSA-74160,0.4795682115760694,1.0584715051200615,0.7778380437748921,COL1A1;SMAD1;PHC2;DDIT3;BRCA1;LDB2;FOXO3;E2F7;SAP30;FKBP5,0.5718915036441897
Reactome_2022,HCMV Infection R-HSA-9609646,0.5495725970000418,1.2659615384615384,0.7578228057755461,CEBPD,0.6127734456550465
GO_Biological_Process_2023,Regulation Of Protein Phosphorylation (GO:0001932),0.5200071832623202,1.1557756359241902,0.7557763129795323,MYADM;TMEM119,0.5593187310878928
Reactome_2022,Rab Regulation Of Trafficking R-HSA-9007101,0.5525408464159853,1.255435473617292,0.7447593723960024,RAB7B,0.6145466770611707
GO_Biological_Process_2023,Fatty Acid Metabolic Process (GO:0006631),0.5525408464159853,1.255435473617292,0.7447593723960024,ACSL1,0.588678588977789
GO_Biological_Process_2023,Protein Localization To Nucleus (GO:0034504),0.5525408464159853,1.255435473617292,0.7447593723960024,COL1A1,0.588678588977789
GO_Biological_Process_2023,Receptor-Mediated Endocytosis (GO:0006898),0.5525408464159853,1.255435473617292,0.7447593723960024,DNM1,0.588678588977789
Reactome_2022,RNA Polymerase II Transcription R-HSA-73857,0.4927201936463302,1.0511304304065021,0.7440046500873491,COL1A1;SMAD1;PHC2;DDIT3;BRCA1;LDB2;FOXO3;E2F7;FKBP5,0.5828997516346506
GO_Biological_Process_2023,Negative Regulation Of Signal Transduction (GO:0009968),0.5240429035833148,1.1469357905514115,0.7411289429524347,CREB3L1;RAB7B,0.5631206726841739
GO_Biological_Process_2023,Chromatin Organization (GO:0006325),0.5260522998099846,1.1425657166171241,0.7339323917341192,PER1;HMGB2,0.5647400047625813
Reactome_2022,Immunoregulatory Interactions Between A Lymphoid And A non-Lymphoid Cell R-HSA-198933,0.5554896837382342,1.2450819672131148,0.7319902142521676,VCAM1,0.6147602951544725
GO_Biological_Process_2023,Modulation Of Chemical Synaptic Transmission (GO:0050804),0.5554896837382342,1.2450819672131148,0.7319902142521676,SLC6A9,0.5907004773148299
GO_Biological_Process_2023,Positive Regulation Of Epithelial Cell Proliferation (GO:0050679),0.5554896837382342,1.2450819672131148,0.7319902142521676,HMGB2,0.5907004773148299
Reactome_2022,RHO GTPase Effectors R-HSA-195258,0.5280560360708435,1.138228377319049,0.7268189993120178,CENPP;RHOB,0.6025454964358672
KEGG_2021_Human,Cell cycle,0.5584192349873867,1.2348968105065665,0.7195067998015446,GADD45B,0.6296270568985299
GO_Biological_Process_2023,Cellular Response To Lipopolysaccharide (GO:0071222),0.5584192349873867,1.2348968105065665,0.7195067998015446,HMGB2,0.592694258853468
GO_Biological_Process_2023,Enzyme-Linked Receptor Protein Signaling Pathway (GO:0007167),0.5584192349873867,1.2348968105065665,0.7195067998015446,LIF,0.592694258853468
Reactome_2022,Cell Cycle Checkpoints R-HSA-69620,0.5320464786991357,1.1296504423503646,0.7128370236376371,BRCA1;CENPP,0.6034387931266566
Reactome_2022,RAF/MAP Kinase Cascade R-HSA-5673001,0.5320464786991357,1.1296504423503646,0.7128370236376371,DUSP10;IRS2,0.6034387931266566
GO_Biological_Process_2023,Response To Cytokine (GO:0034097),0.5613296254346638,1.224875930521092,0.7073009049820274,TIMP4,0.5946602252484091
GO_Biological_Process_2023,Regulation Of Mitotic Cell Cycle (GO:0007346),0.5613296254346638,1.224875930521092,0.7073009049820274,ASNS,0.5946602252484091
GO_Biological_Process_2023,Regulation Of Tumor Necrosis Factor Production (GO:0032680),0.5670934200868116,1.2053113553113552,0.6836902387110143,ARHGEF2,0.5985098630775364
GO_Biological_Process_2023,Regulation Of Response To External Stimulus (GO:0032101),0.5670934200868116,1.2053113553113552,0.6836902387110143,SAMHD1,0.5985098630775364
GO_Biological_Process_2023,Regulation Of Anatomical Structure Morphogenesis (GO:0022603),0.5670934200868116,1.2053113553113552,0.6836902387110143,PDLIM5,0.5985098630775364
GO_Biological_Process_2023,Cytosolic Transport (GO:0016482),0.5670934200868116,1.2053113553113552,0.6836902387110143,SORT1,0.5985098630775364
KEGG_2021_Human,Osteoclast differentiation,0.5670934200868116,1.2053113553113552,0.6836902387110143,TGFBR2,0.6351446304972291
Reactome_2022,Glycerophospholipid Biosynthesis R-HSA-1483206,0.5670934200868116,1.2053113553113552,0.6836902387110143,PNPLA2,0.6260486766304901
Reactome_2022,MAPK1/MAPK3 Signaling R-HSA-5684996,0.5438807436200509,1.1046652572233968,0.6727690647647339,DUSP10;IRS2,0.6079468963773
Reactome_2022,Adaptive Immune System R-HSA-1280218,0.5271404812714288,1.0433564451421595,0.6680488182217015,VCAM1;ZBTB16;RASGRP2;DNM1;AP1M1,0.6025454964358672
GO_Biological_Process_2023,Regulation Of DNA Repair (GO:0006282),0.5727820531517377,1.186358173076923,0.6610980867446018,BRCA1,0.6033805320923648
GO_Biological_Process_2023,Protein Homooligomerization (GO:0051260),0.5727820531517377,1.186358173076923,0.6610980867446018,SAMHD1,0.6033805320923648
KEGG_2021_Human,Purine metabolism,0.5727820531517377,1.186358173076923,0.6610980867446018,PDE5A,0.6372674498641849
Reactome_2022,Fc Epsilon Receptor (FCERI) Signaling R-HSA-2454202,0.5755984885948349,1.1771019677996422,0.6501663037283449,RASGRP2,0.6315008838565943
GO_Biological_Process_2023,Transmembrane Receptor Protein Serine/Threonine Kinase Signaling Pathway (GO:0007178),0.5755984885948349,1.1771019677996422,0.6501663037283449,TGFBR2,0.6057796827533655
Reactome_2022,Host Interactions Of HIV Factors R-HSA-162909,0.5755984885948349,1.1771019677996422,0.6501663037283449,AP1M1,0.6315008838565943
GO_Biological_Process_2023,Plasma Membrane Bounded Cell Projection Organization (GO:0120036),0.5811761991817334,1.159013505578391,0.6289981353738375,FLRT3,0.6110776874464623
Reactome_2022,Membrane Trafficking R-HSA-199991,0.5548232539844812,1.0202607027062793,0.6010413722337224,SORT1;RAB7B;DNM1;AP1M1,0.6147602951544725
GO_Biological_Process_2023,Regulation Of Protein Kinase B Signaling (GO:0051896),0.5921143023385672,1.1244444444444444,0.5892713905269606,DDIT3,0.6214159438175066
KEGG_2021_Human,Insulin signaling pathway,0.5948042369447535,1.1161199095022625,0.57984989801779,IRS2,0.6531183778216901
GO_Biological_Process_2023,Protein Localization To Plasma Membrane (GO:0072659),0.5948042369447535,1.1161199095022625,0.57984989801779,CACNB2,0.622495309428215
GO_Biological_Process_2023,Negative Regulation Of Cellular Biosynthetic Process (GO:0031327),0.5948042369447535,1.1161199095022625,0.57984989801779,BRCA1,0.622495309428215
GO_Biological_Process_2023,Protein Localization To Organelle (GO:0033365),0.5948042369447535,1.1161199095022625,0.57984989801779,COL1A1,0.622495309428215
Reactome_2022,Signaling By WNT R-HSA-195721,0.5762799545507485,1.0394499309758947,0.5729049953409707,FZD8;SOX4,0.6315008838565943
KEGG_2021_Human,Cytokine-cytokine receptor interaction,0.5781332276337245,1.0358494060375163,0.567594654943297,LIF;TGFBR2,0.6389893568583271
Reactome_2022,PTEN Regulation R-HSA-6807070,0.6001314048699912,1.0998327759197324,0.5615819178652366,PHC2,0.6560259965000393
GO_Biological_Process_2023,Intracellular Calcium Ion Homeostasis (GO:0006874),0.6001314048699912,1.0998327759197324,0.5615819178652366,TRPC6,0.6274862316966234
GO_Biological_Process_2023,Regulation Of Intracellular Signal Transduction (GO:1902531),0.5818221600741575,1.0287215871764552,0.5571457820037442,FGD4;ARHGEF2,0.6111851475919188
Reactome_2022,Toll Like Receptor 4 (TLR4) Cascade R-HSA-166016,0.6027688662081692,1.0918649695628113,0.5527254814058667,DNM1,0.657298079043627
KEGG_2021_Human,Ubiquitin mediated proteolysis,0.6027688662081692,1.0918649695628113,0.5527254814058667,BRCA1,0.6575660358634572
Reactome_2022,Clathrin-mediated Endocytosis R-HSA-8856828,0.6079921078772653,1.0762684124386253,0.5355440345121155,DNM1,0.6597675915164485
Reactome_2022,Beta-catenin Independent WNT Signaling R-HSA-3858494,0.6079921078772653,1.0762684124386253,0.5355440345121155,FZD8,0.6597675915164485
Reactome_2022,Diseases Of Glycosylation R-HSA-3781865,0.6105781118317544,1.06863488624052,0.5272100019777649,ADAMTS1,0.6609656259149573
GO_Biological_Process_2023,Positive Regulation Of Protein Kinase Activity (GO:0045860),0.6156994393663706,1.0536858974358974,0.511033822340792,TGFBR2,0.6425684028298985
GO_Biological_Process_2023,Neuron Projection Morphogenesis (GO:0048812),0.618234982274939,1.046366047745358,0.503183477578727,FLRT3,0.6446160668618102
GO_Biological_Process_2023,Dephosphorylation (GO:0016311),0.6207539229409574,1.0391464699683879,0.4954863756856019,DUSP10,0.6466426407651865
GO_Biological_Process_2023,Positive Regulation Of MAPK Cascade (GO:0043410),0.6052266324306962,0.9846471358099265,0.49444281609462604,LIF;NEK10,0.6322255900112477
KEGG_2021_Human,Cell adhesion molecules,0.6232563692479988,1.0320251177394035,0.48793872761087054,VCAM1,0.6711991668824602
Reactome_2022,G2/M Checkpoints R-HSA-69481,0.6232563692479988,1.0320251177394035,0.48793872761087054,BRCA1,0.6724846337866789
GO_Biological_Process_2023,Defense Response To Symbiont (GO:0140546),0.6232563692479988,1.0320251177394035,0.48793872761087054,SAMHD1,0.6486482954025469
KEGG_2021_Human,Phospholipase D signaling pathway,0.6232563692479988,1.0320251177394035,0.48793872761087054,DNM1,0.6711991668824602
Reactome_2022,DNA Double-Strand Break Repair R-HSA-5693532,0.625742428299264,1.025,0.4805368601680079,BRCA1,0.6724846337866789
GO_Biological_Process_2023,Neuron Development (GO:0048666),0.6282122067872935,1.0180691791430045,0.4732772111983408,FLRT3,0.6532012214883608
GO_Biological_Process_2023,Cellular Response To Organic Cyclic Compound (GO:0071407),0.6331033440283869,1.0044829342842587,0.4591708555902901,BRCA1,0.6570712453258605
KEGG_2021_Human,Oxytocin signaling pathway,0.6379306193541571,0.9912518853695325,0.44559324586604965,CACNB2,0.6783059750094834
KEGG_2021_Human,mTOR signaling pathway,0.6379306193541571,0.9912518853695325,0.44559324586604965,FZD8,0.6783059750094834
Reactome_2022,Cell Cycle R-HSA-1640170,0.6245214427533674,0.9312658994548758,0.4384116881405502,BRCA1;CENPP;PHLDA1;TUBA4A,0.6724846337866789
GO_Biological_Process_2023,Intracellular Protein Transport (GO:0006886),0.6309960386070297,0.9382004943960448,0.4319997601532223,EGR2;ARHGEF2,0.6554894153366926
Reactome_2022,Regulation Of TP53 Activity R-HSA-5633007,0.6450535983163168,0.9720414201183432,0.4261642146703567,BRCA1,0.6915718866564358
KEGG_2021_Human,Hepatitis C,0.6450535983163168,0.9720414201183432,0.4261642146703567,CFLAR,0.6815660661455423
GO_Biological_Process_2023,Peptidyl-Serine Phosphorylation (GO:0018105),0.6473968833781079,0.9658010779029887,0.41992620552499144,TGFBR2,0.6706673704304086
GO_Biological_Process_2023,Response To Lipopolysaccharide (GO:0032496),0.6497248157647778,0.9596397273612464,0.41380275959740775,HMGB2,0.6718405638634869
KEGG_2021_Human,Necroptosis,0.6497248157647778,0.9596397273612464,0.41380275959740775,CFLAR,0.6822110565530167
GO_Biological_Process_2023,Proteolysis (GO:0006508),0.6392926786633208,0.923662318018529,0.41323996620964043,ADAMTS1;ADAM12,0.6628828144073547
Reactome_2022,Toll-like Receptor Cascades R-HSA-168898,0.6566174919343953,0.9416149068322981,0.3960937324830159,DNM1,0.702281538136068
KEGG_2021_Human,JAK-STAT signaling pathway,0.6566174919343953,0.9416149068322981,0.3960937324830159,LIF,0.6851660785402386
GO_Biological_Process_2023,Regulation Of Macromolecule Metabolic Process (GO:0060255),0.6566174919343953,0.9416149068322981,0.3960937324830159,SORT1,0.6783438060057541
GO_Biological_Process_2023,Negative Regulation Of Gene Expression (GO:0010629),0.6490563125213759,0.9067910690247413,0.39194756125255725,CREB3L1;MYADM,0.6717673068821607
GO_Biological_Process_2023,Nitrogen Compound Transport (GO:0071705),0.6588850054101069,0.9357549857549857,0.3904028363160286,SLC6A6,0.6800612911670892
Reactome_2022,Protein Localization R-HSA-9609507,0.6611376589482784,0.9299669655497876,0.3848140086081573,ALDH3A2,0.7054243920835697
Reactome_2022,Cellular Senescence R-HSA-2559583,0.6633755491464977,0.924249530956848,0.3793249562659222,PHC2,0.7061228995688256
GO_Biological_Process_2023,Peptidyl-Serine Modification (GO:0018209),0.6655987720659962,0.9186013986013986,0.37393344938138173,TGFBR2,0.6863605686258529
KEGG_2021_Human,Wnt signaling pathway,0.6655987720659962,0.9186013986013986,0.37393344938138173,FZD8,0.6902505784388108
Reactome_2022,Regulation Of Expression Of SLITs And ROBOs R-HSA-9010553,0.667807423086209,0.9130213160333642,0.3686373193513785,LDB2,0.7091478826105934
GO_Biological_Process_2023,Regulation Of Cytokine Production (GO:0001817),0.667807423086209,0.9130213160333642,0.3686373193513785,PER1,0.6873768713817755
GO_Biological_Process_2023,Membrane Organization (GO:0061024),0.667807423086209,0.9130213160333642,0.3686373193513785,MYADM,0.6873768713817755
Reactome_2022,Separation Of Sister Chromatids R-HSA-2467813,0.6743468892721798,0.8966772872098316,0.3533003810089062,CENPP,0.7125779342298326
Reactome_2022,"Cell Cycle, Mitotic R-HSA-69278",0.6696725186761672,0.8721003605769231,0.3496829979935529,CENPP;PHLDA1;TUBA4A,0.709439295319645
KEGG_2021_Human,Protein processing in endoplasmic reticulum,0.6764981942916616,0.8913574660633484,0.3483652278581477,DDIT3,0.6972496726441666
Reactome_2022,Innate Immune System R-HSA-168249,0.6774283500301548,0.8788338192419826,0.342263138814108,SERPINA3;RAP2B;STOM;RASGRP2;DNM1;AP1M1,0.7125779342298326
Reactome_2022,Transcriptional Regulation By TP53 R-HSA-3700989,0.6771009274694119,0.8596282593375617,0.3351990909111395,BRCA1;E2F7,0.7125779342298326
GO_Biological_Process_2023,Regulation Of Neuron Projection Development (GO:0010975),0.6828678513134807,0.8757670075589151,0.3340647587713552,PDLIM5,0.702235557983854
GO_Biological_Process_2023,Positive Regulation Of I-kappaB kinase/NF-kappaB Signaling (GO:0043123),0.6849632881565592,0.8706896551724138,0.329460290042267,CFLAR,0.7037465593125891
GO_Biological_Process_2023,Protein Modification Process (GO:0036211),0.6891606915041605,0.853645769526334,0.317795939315096,ST8SIA1;JADE1;NEK10;TGFBR2,0.7074124358453666
Reactome_2022,RAC1 GTPase Cycle R-HSA-9013149,0.6911675122813203,0.8558018252933507,0.31611014281734434,EGR2,0.7243684027461266
GO_Biological_Process_2023,Positive Regulation Of Macromolecule Metabolic Process (GO:0010604),0.6918855147306052,0.8354533384727397,0.3077265201162115,TMEM119;BRCA1,0.7089146021487696
GO_Biological_Process_2023,Protein Modification By Small Protein Conjugation (GO:0032446),0.6918855147306052,0.8354533384727397,0.3077265201162115,EGR2;BRCA1,0.7089146021487696
Reactome_2022,Metabolism Of Amino Acids And Derivatives R-HSA-71291,0.6918855147306052,0.8354533384727397,0.3077265201162115,NNMT;ASNS,0.7243684027461266
GO_Biological_Process_2023,Endosomal Transport (GO:0016197),0.695236143263165,0.8461538461538461,0.30758006793313236,SORT1,0.7116989298978118
Reactome_2022,Cellular Response To Chemical Stress R-HSA-9711123,0.6992515766322526,0.8367190820229494,0.2993318104185306,GPX3,0.7303658154051162
Reactome_2022,Cilium Assembly R-HSA-5617833,0.7071256028324834,0.8184615384615385,0.2836353685130288,TUBA4A,0.7368645300544103
GO_Biological_Process_2023,Defense Response To Virus (GO:0051607),0.7128965484165751,0.805278232405892,0.2725214239183629,SAMHD1,0.7291134853687266
GO_Biological_Process_2023,Intracellular Monoatomic Cation Homeostasis (GO:0030003),0.7147950071248216,0.800976800976801,0.2689355547625844,MT2A,0.7303905345529994
Reactome_2022,M Phase R-HSA-68886,0.7143867760741727,0.7994339854804972,0.2688742400069275,CENPP;TUBA4A,0.742695809158697
GO_Biological_Process_2023,Protein Localization To Membrane (GO:0072657),0.7185546306367605,0.7925090616190092,0.2619349770737999,CACNB2,0.7335653086609617
GO_Biological_Process_2023,Regulation Of Signal Transduction (GO:0009966),0.7204159571620049,0.7883413461538461,0.25851803067388274,KCTD12,0.734798126905711
GO_Biological_Process_2023,Endomembrane System Organization (GO:0010256),0.7259269553741231,0.7760946745562131,0.24858768897872188,DNM1,0.7397478674891337
GO_Biological_Process_2023,Golgi Vesicle Transport (GO:0048193),0.7277398910435723,0.7720957613814756,0.24538097935813133,RAB7B,0.7409235847218979
Reactome_2022,Ub-specific Processing Proteases R-HSA-5689880,0.7348733936297591,0.7565,0.2330451569418178,SMAD1,0.7622175199043549
KEGG_2021_Human,Focal adhesion,0.7348733936297591,0.7565,0.2330451569418178,COL1A1,0.7527971349378021
GO_Biological_Process_2023,Organic Substance Transport (GO:0071702),0.7348733936297591,0.7565,0.2330451569418178,ABCA4,0.7475092257374201
GO_Biological_Process_2023,Defense Response To Bacterium (GO:0042742),0.7401015110212044,0.7452065176203108,0.22428325940612223,HMGB2,0.7521465627376435
GO_Biological_Process_2023,Cellular Response To Oxygen-Containing Compound (GO:1901701),0.7480265192615134,0.7469874894466191,0.2168630534898029,HMGB2;RASGRP2,0.7595138280487274
Reactome_2022,Phospholipid Metabolism R-HSA-1483257,0.7469135079209728,0.7306577480490524,0.2132102318746964,PNPLA2,0.7729081775701946
KEGG_2021_Human,Rap1 signaling pathway,0.7502527608973639,0.7235921972764078,0.2079206829214036,RASGRP2,0.7638937201864068
GO_Biological_Process_2023,Organelle Organization (GO:0006996),0.7623816474363453,0.7249925462134764,0.19669627702108658,FGD4;SORT1,0.773390768698964
KEGG_2021_Human,cAMP signaling pathway,0.7600104240085657,0.7031842576028623,0.1929700249346418,CREB3L1,0.7691671761050544
Reactome_2022,Sensory Perception R-HSA-9709957,0.7724743720600354,0.7362357259380098,0.19006399849070774,CACNB2;ABCA4;LDB2,0.7975082637471662
GO_Biological_Process_2023,Proteasomal Protein Catabolic Process (GO:0010498),0.7663043776126677,0.690200210748156,0.18371461283040375,DDIT3,0.7766691798346604
Reactome_2022,Metabolism R-HSA-1430728,0.7978496451208391,0.802015865227347,0.18112334428937402,ALDH3A2;CACNB2;MARCKS;NNMT;ACSL1;MAOA;IMPA2;QPRT;ASNS;SAMHD1;PNPLA2,0.8180251533882625
GO_Biological_Process_2023,Phosphorylation (GO:0016310),0.7749181513606445,0.7059165259699,0.18000720794606698,NEK10;TGFBR2,0.7846918938102383
KEGG_2021_Human,Human cytomegalovirus infection,0.7739419194254434,0.6746222527472527,0.17287765127965132,CREB3L1,0.778576302176494
GO_Biological_Process_2023,Chromatin Remodeling (GO:0006338),0.778405000638495,0.665604879701796,0.16673956277913388,PER1,0.7860981318218045
GO_Biological_Process_2023,Cellular Response To Lipid (GO:0071396),0.778405000638495,0.665604879701796,0.16673956277913388,HMGB2,0.7860981318218045
GO_Biological_Process_2023,Cilium Organization (GO:0044782),0.778405000638495,0.665604879701796,0.16673956277913388,ABLIM1,0.7860981318218045
Reactome_2022,HIV Infection R-HSA-162906,0.7798731749259159,0.6626518218623482,0.16475112586245033,AP1M1,0.8032873811015206
GO_Biological_Process_2023,Positive Regulation Of Phosphorylation (GO:0042327),0.7827806255299146,0.6568227424749163,0.16085772478419966,TMEM119,0.7898073815939173
Reactome_2022,Neddylation R-HSA-8951664,0.7912762770214132,0.6399282920469361,0.1498123943920403,ZBTB16,0.8131548837593325
KEGG_2021_Human,Chemical carcinogenesis,0.7940342255924009,0.6344861021331609,0.14633071339494005,CREB3L1,0.7940342255924009
GO_Biological_Process_2023,Cilium Assembly (GO:0060271),0.7994420902694063,0.623871582962492,0.13964815239992334,ABLIM1,0.8058949860653027
GO_Biological_Process_2023,Cytokine-Mediated Signaling Pathway (GO:0019221),0.817283443584521,0.5893329326923077,0.11890930043733217,FOXO3,0.8231421062625462
GO_Biological_Process_2023,Positive Regulation Of Signal Transduction (GO:0009967),0.8279116371522002,0.5690566037735849,0.10746568447170564,CCN3,0.833099982237308
GO_Biological_Process_2023,Protein Phosphorylation (GO:0006468),0.842793086389536,0.6030634164565237,0.10314422789659651,NEK10;TGFBR2,0.8473161262091577
Reactome_2022,Organelle Biogenesis And Maintenance R-HSA-1852241,0.8379260518906623,0.5501122964626615,0.09727384114838052,TUBA4A,0.8571445393193472
Reactome_2022,Metabolism Of Lipids R-HSA-556833,0.8627177724807469,0.6153549382716049,0.0908680312584624,ALDH3A2;ACSL1;PNPLA2,0.8784751747178381
Reactome_2022,Asparagine N-linked Glycosylation R-HSA-446203,0.8453132984359877,0.5362168081029292,0.09011013694569511,ST8SIA1,0.8627224968019462
GO_Biological_Process_2023,DNA Repair (GO:0006281),0.8543221505111401,0.5193368700265252,0.08176799629008745,BRCA1,0.8581394970281694
Reactome_2022,Antigen Processing: Ubiquitination And Proteasome Degradation R-HSA-983168,0.8690709060169153,0.49177978883861234,0.06901173419185921,ZBTB16,0.8829285286641099
Reactome_2022,DNA Repair R-HSA-73894,0.8716665234141813,0.48693054518297235,0.06687910962088868,BRCA1,0.883552885097102
GO_Biological_Process_2023,Protein Transport (GO:0015031),0.8742110677942241,0.48217455621301775,0.0648203824158572,ARHGEF2,0.8773332501792035
GO_Biological_Process_2023,Proteasome-Mediated Ubiquitin-Dependent Protein Catabolic Process (GO:0043161),0.8791509081547951,0.47293178519593615,0.060913005932256986,DDIT3,0.881503675973229
GO_Biological_Process_2023,Protein Localization (GO:0008104),0.9024204585158463,0.428989010989011,0.04404632970412181,ARHGEF2,0.9040290511335215
GO_Biological_Process_2023,Ubiquitin-Dependent Protein Catabolic Process (GO:0006511),0.9123282446102676,0.40989911727616646,0.037610472355601006,DDIT3,0.9131406473214075
Reactome_2022,SARS-CoV Infections R-HSA-9679506,0.9134943140718402,0.4076295986622074,0.036881562807221324,SAP30,0.9238513924626774
Reactome_2022,Class I MHC Mediated Antigen Processing And Presentation R-HSA-983169,0.9185540286670628,0.39771475209140994,0.0337876791199839,ZBTB16,0.9268667348088462
Reactome_2022,Expression And Translocation Of Olfactory Receptors R-HSA-9752946,0.9263423513211602,0.382201726844584,0.029242790277948336,LDB2,0.932615550088572
Reactome_2022,Olfactory Signaling Pathway R-HSA-381753,0.9301890948421786,0.37440384615384614,0.02709462754810924,LDB2,0.9343791358099361
Reactome_2022,Infectious Disease R-HSA-5663205,0.9542078879834284,0.4626582072025052,0.021686510955170546,CEBPD;SAP30;AP1M1,0.9542078879834284
GO_Biological_Process_2023,Protein Ubiquitination (GO:0016567),0.9440586874889524,0.3452833540593356,0.01987690813529632,BRCA1,0.9440586874889524
Reactome_2022,GPCR Ligand Binding R-HSA-500792,0.952392637655743,0.3267463390001683,0.0159379985193774,FZD8,0.9542078879834284
